table_name,ordinal_position,column_name,data_type_raw,base_type,length_precision,nullable,default_value,auto_increment,enum_values_count,enum_values,comment,raw_definition,column_role_guess,module_guess,is_primary_key,is_foreign_key,fk_constraint_name
audit_log,1,audit_id,bigint(20) UNSIGNED,bigint,20,NO,,NO,0,,,bigint(20) UNSIGNED NOT NULL,id,Audit / Security,YES,NO,
audit_log,2,actor_employee_id,varchar(20),varchar,20,NO,,NO,0,,,varchar(20) NOT NULL,id,Audit / Security,NO,NO,
audit_log,3,actor_role_code,varchar(30),varchar,30,YES,NULL,NO,0,,,varchar(30) DEFAULT NULL,,Audit / Security,NO,NO,
audit_log,4,action,varchar(60),varchar,60,NO,,NO,0,,,varchar(60) NOT NULL,,Audit / Security,NO,NO,
audit_log,5,entity_type,varchar(40),varchar,40,NO,,NO,0,,,varchar(40) NOT NULL,,Audit / Security,NO,NO,
audit_log,6,entity_id,varchar(50),varchar,50,NO,,NO,0,,,varchar(50) NOT NULL,id,Audit / Security,NO,NO,
audit_log,7,occurred_at,datetime(6),datetime,6,NO,current_timestamp(6),NO,0,,,datetime(6) NOT NULL DEFAULT current_timestamp(6),audit_date,Audit / Security,NO,NO,
audit_log,8,ip_address,varchar(45),varchar,45,YES,NULL,NO,0,,,varchar(45) DEFAULT NULL,,Audit / Security,NO,NO,
audit_log,9,user_agent,varchar(500),varchar,500,YES,NULL,NO,0,,,varchar(500) DEFAULT NULL,,Audit / Security,NO,NO,
audit_log,10,request_id,varchar(40),varchar,40,YES,NULL,NO,0,,,varchar(40) DEFAULT NULL,id,Audit / Security,NO,NO,
audit_log,11,notes,varchar(500),varchar,500,YES,NULL,NO,0,,,varchar(500) DEFAULT NULL,,Audit / Security,NO,NO,
audit_log_changes,1,change_id,bigint(20) UNSIGNED,bigint,20,NO,,NO,0,,,bigint(20) UNSIGNED NOT NULL,id,Audit / Security,YES,NO,
audit_log_changes,2,audit_id,bigint(20) UNSIGNED,bigint,20,NO,,NO,0,,,bigint(20) UNSIGNED NOT NULL,id,Audit / Security,NO,YES,fk_alc_audit
audit_log_changes,3,field_name,varchar(80),varchar,80,NO,,NO,0,,,varchar(80) NOT NULL,,Audit / Security,NO,NO,
audit_log_changes,4,before_value,text,text,,YES,NULL,NO,0,,,text DEFAULT NULL,long_text,Audit / Security,NO,NO,
audit_log_changes,5,after_value,text,text,,YES,NULL,NO,0,,,text DEFAULT NULL,long_text,Audit / Security,NO,NO,
cmms_amc_mst,1,AMC_ID,int(11),int,11,NO,,NO,0,,,int(11) NOT NULL,id,Procurement / AMC / Inventory,YES,NO,
cmms_amc_mst,2,AMC_DATE,datetime,datetime,,NO,,NO,0,,,datetime NOT NULL,audit_date,Procurement / AMC / Inventory,NO,NO,
cmms_amc_mst,3,AMC_VENDERID,int(11),int,11,NO,,NO,0,,,int(11) NOT NULL,id,Procurement / AMC / Inventory,NO,YES,FK_CMMS_AMC_MST_CMMS_CONT_MST
cmms_amc_mst,4,AMC_BUDGET_ID,varchar(15),varchar,15,YES,NULL,NO,0,,,varchar(15) DEFAULT NULL,id,Procurement / AMC / Inventory,NO,YES,FK_CMMS_AMC_MST_CMMS_BUDGET_MST
cmms_amc_mst,5,AMC_COST,bigint(20),bigint,20,NO,,NO,0,,,bigint(20) NOT NULL,,Procurement / AMC / Inventory,NO,NO,
cmms_amc_mst,6,AMC_STARTDATE,datetime,datetime,,NO,,NO,0,,,datetime NOT NULL,audit_date,Procurement / AMC / Inventory,NO,NO,
cmms_amc_mst,7,AMC_ENDDATE,datetime,datetime,,NO,,NO,0,,,datetime NOT NULL,audit_date,Procurement / AMC / Inventory,NO,NO,
cmms_amc_mst,8,CREATED_BY,varchar(7),varchar,7,NO,,NO,0,,,varchar(7) NOT NULL,audit_date,Procurement / AMC / Inventory,NO,NO,
cmms_amc_mst,9,CREATED_ON,datetime,datetime,,NO,,NO,0,,,datetime NOT NULL,audit_date,Procurement / AMC / Inventory,NO,NO,
cmms_amc_mst,10,UPDATED_BY,bigint(20),bigint,20,YES,NULL,NO,0,,,bigint(20) DEFAULT NULL,audit_date,Procurement / AMC / Inventory,NO,NO,
cmms_amc_mst,11,UPDATED_ON,varchar(7),varchar,7,NO,,NO,0,,,varchar(7) NOT NULL,audit_date,Procurement / AMC / Inventory,NO,NO,
cmms_checklist_hist,1,CHKL_ID,int(11),int,11,NO,,NO,0,,,int(11) NOT NULL,id,Master Data / Lookup,NO,NO,
cmms_checklist_hist,2,CHKL_TYPE,varchar(50),varchar,50,NO,,NO,0,,,varchar(50) NOT NULL,,Master Data / Lookup,NO,NO,
cmms_checklist_hist,3,CHKL_MAKE,int(11),int,11,NO,,NO,0,,,int(11) NOT NULL,,Master Data / Lookup,NO,NO,
cmms_checklist_hist,4,CHKL_MODEL,varchar(50),varchar,50,NO,,NO,0,,,varchar(50) NOT NULL,,Master Data / Lookup,NO,NO,
cmms_checklist_hist,5,CHKL_STATE,tinyint(1),tinyint,1,NO,,NO,0,,,tinyint(1) NOT NULL,,Master Data / Lookup,NO,NO,
cmms_checklist_hist,6,CHKL_UPDATED_BY,varchar(7),varchar,7,NO,,NO,0,,,varchar(7) NOT NULL,audit_date,Master Data / Lookup,NO,NO,
cmms_checklist_hist,7,CHKL_UPDATED_ON,datetime(6),datetime,6,NO,,NO,0,,,datetime(6) NOT NULL,audit_date,Master Data / Lookup,NO,NO,
cmms_checklist_mst,1,CHKL_ID,int(11),int,11,NO,,NO,0,,,int(11) NOT NULL,id,Master Data / Lookup,YES,NO,
cmms_checklist_mst,2,CHKL_TYPE,varchar(50),varchar,50,NO,,NO,0,,,varchar(50) NOT NULL,,Master Data / Lookup,NO,NO,
cmms_checklist_mst,3,CHKL_MAKE,int(11),int,11,NO,,NO,0,,,int(11) NOT NULL,,Master Data / Lookup,NO,YES,FK_CMMS_CHECKLIST_MST_CMMS_CONT_MST
cmms_checklist_mst,4,CHKL_MODEL,varchar(50),varchar,50,NO,,NO,0,,,varchar(50) NOT NULL,,Master Data / Lookup,NO,NO,
cmms_checklist_mst,5,CHKL_STATE,tinyint(1),tinyint,1,NO,,NO,0,,,tinyint(1) NOT NULL,,Master Data / Lookup,NO,NO,
cmms_checklist_mst,6,CHKL_CREATED_BY,varchar(7),varchar,7,NO,,NO,0,,,varchar(7) NOT NULL,audit_date,Master Data / Lookup,NO,NO,
cmms_checklist_mst,7,CHKL_CREATED_ON,datetime(6),datetime,6,NO,,NO,0,,,datetime(6) NOT NULL,audit_date,Master Data / Lookup,NO,NO,
cmms_checklist_mst,8,CHKL_UPDATED_BY,varchar(7),varchar,7,NO,,NO,0,,,varchar(7) NOT NULL,audit_date,Master Data / Lookup,NO,NO,
cmms_checklist_mst,9,CHKL_UPDATED_ON,datetime(6),datetime,6,NO,,NO,0,,,datetime(6) NOT NULL,audit_date,Master Data / Lookup,NO,NO,
cmms_checklist_tasks,1,CLTSK_ID,int(11),int,11,NO,,NO,0,,,int(11) NOT NULL,id,Master Data / Lookup,YES,YES,FK_CMMS_CHECKLIST_TASKS_CMMS_CHECKLIST_MST
cmms_checklist_tasks,2,CLTSK_TASKID,int(11),int,11,NO,,NO,0,,,int(11) NOT NULL,id,Master Data / Lookup,YES,YES,FK_CMMS_CHECKLIST_TASKS_CMMS_TASK_MST
cmms_checklist_tasks_hist,1,CLTSK_ID,int(11),int,11,NO,,NO,0,,,int(11) NOT NULL,id,Master Data / Lookup,NO,NO,
cmms_checklist_tasks_hist,2,CLTSK_TASKID,int(11),int,11,NO,,NO,0,,,int(11) NOT NULL,id,Master Data / Lookup,NO,NO,
cmms_checklist_tasks_hist,3,CLTSK_UPDATED_BY,longtext,longtext,,YES,NULL,NO,0,,,longtext DEFAULT NULL,audit_date|long_text,Master Data / Lookup,NO,NO,
cmms_checklist_tasks_hist,4,CLTSK_UPDATED_ON,datetime(6),datetime,6,YES,NULL,NO,0,,,datetime(6) DEFAULT NULL,audit_date,Master Data / Lookup,NO,NO,
cmms_cont_mst,1,CMM_CONT_ID,int(11),int,11,NO,,NO,0,,Surrogate PK; referenced by 4 legacy tables,int(11) NOT NULL COMMENT 'Surrogate PK; referenced by 4 legacy tables',id,Vendor / Manufacturer,YES,NO,
cmms_cont_mst,2,CMM_CONT_NAME,varchar(200),varchar,200,NO,,NO,0,,,varchar(200) NOT NULL,,Vendor / Manufacturer,NO,NO,
cmms_cont_mst,3,CMM_CONT_TYPE,"enum('MFR','VENDOR','BOTH','OEM')",enum,,NO,'BOTH',NO,4,MFR|VENDOR|BOTH|OEM,,"enum('MFR','VENDOR','BOTH','OEM') NOT NULL DEFAULT 'BOTH'",status_enum,Vendor / Manufacturer,NO,NO,
cmms_cont_mst,4,CMM_CONT_CONTACT_PERSON,varchar(150),varchar,150,YES,NULL,NO,0,,,varchar(150) DEFAULT NULL,,Vendor / Manufacturer,NO,NO,
cmms_cont_mst,5,CMM_CONT_EMAIL,varchar(150),varchar,150,YES,NULL,NO,0,,,varchar(150) DEFAULT NULL,,Vendor / Manufacturer,NO,NO,
cmms_cont_mst,6,CMM_CONT_PHONE,varchar(50),varchar,50,YES,NULL,NO,0,,,varchar(50) DEFAULT NULL,,Vendor / Manufacturer,NO,NO,
cmms_cont_mst,7,CMM_CONT_MOBILE,varchar(50),varchar,50,YES,NULL,NO,0,,,varchar(50) DEFAULT NULL,,Vendor / Manufacturer,NO,NO,
cmms_cont_mst,8,CMM_CONT_ADDRESS,varchar(500),varchar,500,YES,NULL,NO,0,,,varchar(500) DEFAULT NULL,,Vendor / Manufacturer,NO,NO,
cmms_cont_mst,9,CMM_CONT_CITY,varchar(100),varchar,100,YES,NULL,NO,0,,,varchar(100) DEFAULT NULL,,Vendor / Manufacturer,NO,NO,
cmms_cont_mst,10,CMM_CONT_STATE,varchar(100),varchar,100,YES,NULL,NO,0,,,varchar(100) DEFAULT NULL,,Vendor / Manufacturer,NO,NO,
cmms_cont_mst,11,CMM_CONT_COUNTRY,varchar(100),varchar,100,YES,NULL,NO,0,,,varchar(100) DEFAULT NULL,,Vendor / Manufacturer,NO,NO,
cmms_cont_mst,12,CMM_CONT_ZIP,varchar(20),varchar,20,YES,NULL,NO,0,,,varchar(20) DEFAULT NULL,,Vendor / Manufacturer,NO,NO,
cmms_cont_mst,13,CMM_CONT_WEBSITE,varchar(255),varchar,255,YES,NULL,NO,0,,,varchar(255) DEFAULT NULL,,Vendor / Manufacturer,NO,NO,
cmms_cont_mst,14,CMM_CONT_GSTIN,varchar(20),varchar,20,YES,NULL,NO,0,,,varchar(20) DEFAULT NULL,,Vendor / Manufacturer,NO,NO,
cmms_cont_mst,15,CMM_CONT_PAN,varchar(20),varchar,20,YES,NULL,NO,0,,,varchar(20) DEFAULT NULL,,Vendor / Manufacturer,NO,NO,
cmms_cont_mst,16,CMM_CONT_NABL,tinyint(1),tinyint,1,NO,0,NO,0,,,tinyint(1) NOT NULL DEFAULT 0,,Vendor / Manufacturer,NO,NO,
cmms_cont_mst,17,CMM_CONT_NABL_CERT_NO,varchar(50),varchar,50,YES,NULL,NO,0,,,varchar(50) DEFAULT NULL,,Vendor / Manufacturer,NO,NO,
cmms_cont_mst,18,CMM_CONT_REMARKS,varchar(1000),varchar,1000,YES,NULL,NO,0,,,varchar(1000) DEFAULT NULL,,Vendor / Manufacturer,NO,NO,
cmms_cont_mst,19,CMM_CONT_STATE_FLAG,tinyint(1),tinyint,1,NO,1,NO,0,,is_active — kept naming style of legacy tables,tinyint(1) NOT NULL DEFAULT 1 COMMENT 'is_active — kept naming style of legacy tables',,Vendor / Manufacturer,NO,NO,
cmms_cont_mst,20,CMM_CONT_CREATED_BY,varchar(20),varchar,20,NO,,NO,0,,,varchar(20) NOT NULL,audit_date,Vendor / Manufacturer,NO,NO,
cmms_cont_mst,21,CMM_CONT_CREATED_ON,datetime(6),datetime,6,NO,current_timestamp(6),NO,0,,,datetime(6) NOT NULL DEFAULT current_timestamp(6),audit_date,Vendor / Manufacturer,NO,NO,
cmms_cont_mst,22,CMM_CONT_UPDATED_BY,varchar(20),varchar,20,NO,,NO,0,,,varchar(20) NOT NULL,audit_date,Vendor / Manufacturer,NO,NO,
cmms_cont_mst,23,CMM_CONT_UPDATED_ON,datetime(6),datetime,6,NO,current_timestamp(6),NO,0,,,datetime(6) NOT NULL DEFAULT current_timestamp(6) ON UPDATE current_timestamp(6),audit_date,Vendor / Manufacturer,NO,NO,
cmms_designation_mst,1,DG_ID,int(11),int,11,NO,,NO,0,,,int(11) NOT NULL,id,Organization / Employee,YES,NO,
cmms_designation_mst,2,DG_NAME,varchar(150),varchar,150,NO,,NO,0,,,varchar(150) NOT NULL,,Organization / Employee,NO,NO,
cmms_designation_mst,3,DG_DESCRIPTION,longtext,longtext,,YES,NULL,NO,0,,,longtext DEFAULT NULL,long_text,Organization / Employee,NO,NO,
cmms_designation_mst,4,DG_STATE,tinyint(1),tinyint,1,NO,,NO,0,,,tinyint(1) NOT NULL,,Organization / Employee,NO,NO,
cmms_designation_mst,5,DG_CREATED_BY,varchar(7),varchar,7,NO,,NO,0,,,varchar(7) NOT NULL,audit_date,Organization / Employee,NO,NO,
cmms_designation_mst,6,DG_CREATED_ON,datetime(6),datetime,6,NO,,NO,0,,,datetime(6) NOT NULL,audit_date,Organization / Employee,NO,NO,
cmms_designation_mst,7,DG_UPDATED_BY,varchar(7),varchar,7,NO,,NO,0,,,varchar(7) NOT NULL,audit_date,Organization / Employee,NO,NO,
cmms_designation_mst,8,DG_UPDATED_ON,datetime(6),datetime,6,NO,,NO,0,,,datetime(6) NOT NULL,audit_date,Organization / Employee,NO,NO,
cmms_desig_hist,1,EMM_ID,varchar(7),varchar,7,NO,,NO,0,,,varchar(7) NOT NULL,id,Organization / Employee,YES,YES,FK_CMMS_DESIG_HIST_CMMS_EMP_MST
cmms_desig_hist,2,EMM_DESIGNATION,varchar(200),varchar,200,NO,,NO,0,,,varchar(200) NOT NULL,,Organization / Employee,YES,NO,
cmms_desig_hist,3,EMM_DATE,datetime(6),datetime,6,NO,,NO,0,,,datetime(6) NOT NULL,audit_date,Organization / Employee,YES,NO,
cmms_device_spares_mst,1,DS_TYPE,char(1),char,1,NO,,NO,0,,S- Spare / D - Device,char(1) NOT NULL COMMENT 'S- Spare / D - Device',,Master Data / Lookup,NO,NO,
cmms_device_spares_mst,2,DS_ID,int(11),int,11,NO,,NO,0,,,int(11) NOT NULL,id,Master Data / Lookup,YES,NO,
cmms_device_spares_mst,3,DS_NAME,varchar(50),varchar,50,NO,,NO,0,,,varchar(50) NOT NULL,,Master Data / Lookup,NO,NO,
cmms_device_spares_mst,4,DS_STATE,tinyint(1),tinyint,1,NO,,NO,0,,,tinyint(1) NOT NULL,,Master Data / Lookup,NO,NO,
cmms_device_spares_mst,5,DS_CREATED_BY,varchar(7),varchar,7,NO,,NO,0,,,varchar(7) NOT NULL,audit_date,Master Data / Lookup,NO,NO,
cmms_device_spares_mst,6,DS_CREATED_ON,datetime(6),datetime,6,NO,,NO,0,,,datetime(6) NOT NULL,audit_date,Master Data / Lookup,NO,NO,
cmms_device_spares_mst,7,DS_UPDATED_BY,varchar(7),varchar,7,NO,,NO,0,,,varchar(7) NOT NULL,audit_date,Master Data / Lookup,NO,NO,
cmms_device_spares_mst,8,DS_UPDATED_ON,datetime(6),datetime,6,NO,,NO,0,,,datetime(6) NOT NULL,audit_date,Master Data / Lookup,NO,NO,
cmms_division_hist,1,EQD_EQM_TYPE,varchar(15),varchar,15,NO,,NO,0,,,varchar(15) NOT NULL,,Organization / Employee,NO,YES,FK_CMMS_DIVISION_HIST_CMMS_EQIP_MST
cmms_division_hist,2,EQD_EQM_ID,int(11),int,11,NO,,NO,0,,,int(11) NOT NULL,id,Organization / Employee,NO,YES,FK_CMMS_DIVISION_HIST_CMMS_EQIP_MST
cmms_division_hist,3,EQD_DIVID,int(11),int,11,NO,,NO,0,,,int(11) NOT NULL,id,Organization / Employee,NO,NO,
cmms_division_hist,4,EQD_DIV_DATE,datetime(6),datetime,6,NO,,NO,0,,,datetime(6) NOT NULL,audit_date,Organization / Employee,NO,NO,
cmms_division_hist,5,EQD_STATUS,varchar(50),varchar,50,NO,,NO,0,,,varchar(50) NOT NULL,status,Organization / Employee,NO,NO,
cmms_division_hist,6,EQD_STATUS_DATE,datetime(6),datetime,6,NO,,NO,0,,,datetime(6) NOT NULL,status|audit_date,Organization / Employee,NO,NO,
cmms_division_hist,7,EQM_DIV_UPD_REASON,longtext,longtext,,YES,NULL,NO,0,,,longtext DEFAULT NULL,long_text,Organization / Employee,NO,NO,
cmms_documentno_mst,1,DocumentType,varchar(20),varchar,20,NO,,NO,0,,,varchar(20) NOT NULL,,Other / Cross-cutting,YES,NO,
cmms_documentno_mst,2,Description,varchar(50),varchar,50,NO,,NO,0,,,varchar(50) NOT NULL,,Other / Cross-cutting,NO,NO,
cmms_documentno_mst,3,DocumentYear,int(11),int,11,NO,,NO,0,,,int(11) NOT NULL,,Other / Cross-cutting,YES,NO,
cmms_documentno_mst,4,CurrentNo,int(11),int,11,NO,,NO,0,,,int(11) NOT NULL,,Other / Cross-cutting,NO,NO,
cmms_documentno_mst,5,MaximumNo,int(11),int,11,YES,NULL,NO,0,,,int(11) DEFAULT NULL,,Other / Cross-cutting,NO,NO,
cmms_documentno_mst,6,SequenceNo,smallint(6),smallint,6,YES,NULL,NO,0,,,smallint(6) DEFAULT NULL,,Other / Cross-cutting,NO,NO,
cmms_emp_mst,1,EMM_ID,varchar(7),varchar,7,NO,,NO,0,,,varchar(7) NOT NULL,id,Organization / Employee,YES,NO,
cmms_emp_mst,2,EMM_NAME,varchar(100),varchar,100,NO,,NO,0,,,varchar(100) NOT NULL,,Organization / Employee,NO,NO,
cmms_emp_mst,3,EMM_DESIGNATION,varchar(200),varchar,200,NO,,NO,0,,,varchar(200) NOT NULL,,Organization / Employee,NO,NO,
cmms_emp_mst,4,EMM_DESIGDATE,datetime(6),datetime,6,YES,NULL,NO,0,,,datetime(6) DEFAULT NULL,audit_date,Organization / Employee,NO,NO,
cmms_emp_mst,5,EMM_DEPT,int(11),int,11,NO,,NO,0,,,int(11) NOT NULL,,Organization / Employee,NO,YES,FK_CMMS_EMP_MST_CMMS_SECTION_MST
cmms_emp_mst,6,EMM_DEPTDATE,datetime(6),datetime,6,YES,NULL,NO,0,,,datetime(6) DEFAULT NULL,audit_date,Organization / Employee,NO,NO,
cmms_emp_mst,7,EMM_DOB,datetime(6),datetime,6,YES,NULL,NO,0,,,datetime(6) DEFAULT NULL,,Organization / Employee,NO,NO,
cmms_emp_mst,8,EMM_DOJ,datetime(6),datetime,6,YES,NULL,NO,0,,,datetime(6) DEFAULT NULL,,Organization / Employee,NO,NO,
cmms_emp_mst,9,EMM_BLOODGRP,varchar(50),varchar,50,YES,NULL,NO,0,,,varchar(50) DEFAULT NULL,,Organization / Employee,NO,NO,
cmms_emp_mst,10,EMM_ADD,varchar(200),varchar,200,YES,NULL,NO,0,,,varchar(200) DEFAULT NULL,,Organization / Employee,NO,NO,
cmms_emp_mst,11,EMM_CITY,varchar(100),varchar,100,YES,NULL,NO,0,,,varchar(100) DEFAULT NULL,,Organization / Employee,NO,NO,
cmms_emp_mst,12,EMM_STATE,varchar(100),varchar,100,YES,NULL,NO,0,,,varchar(100) DEFAULT NULL,,Organization / Employee,NO,NO,
cmms_emp_mst,13,EMM_ZIP,varchar(100),varchar,100,YES,NULL,NO,0,,,varchar(100) DEFAULT NULL,,Organization / Employee,NO,NO,
cmms_emp_mst,14,EMM_PH1,varchar(100),varchar,100,YES,NULL,NO,0,,,varchar(100) DEFAULT NULL,,Organization / Employee,NO,NO,
cmms_emp_mst,15,EMM_PH2,varchar(100),varchar,100,YES,NULL,NO,0,,,varchar(100) DEFAULT NULL,,Organization / Employee,NO,NO,
cmms_emp_mst,16,EMM_FAX,varchar(100),varchar,100,YES,NULL,NO,0,,NA as per new desing,varchar(100) DEFAULT NULL COMMENT 'NA as per new desing',,Organization / Employee,NO,NO,
cmms_emp_mst,17,EMM_EMAIL,varchar(100),varchar,100,YES,NULL,NO,0,,,varchar(100) DEFAULT NULL,,Organization / Employee,NO,NO,
cmms_emp_mst,18,EMM_MOBILE,varchar(100),varchar,100,YES,NULL,NO,0,,,varchar(100) DEFAULT NULL,,Organization / Employee,NO,NO,
cmms_emp_mst,19,EMM_PAGER,varchar(100),varchar,100,YES,NULL,NO,0,,NA as per new desing,varchar(100) DEFAULT NULL COMMENT 'NA as per new desing',,Organization / Employee,NO,NO,
cmms_emp_mst,20,EMM_STARTDT,datetime(6),datetime,6,YES,NULL,NO,0,,NA as per new desing,datetime(6) DEFAULT NULL COMMENT 'NA as per new desing',,Organization / Employee,NO,NO,
cmms_emp_mst,21,EMM_APP_LVL,bigint(20),bigint,20,YES,NULL,NO,0,,NA as per new desing,bigint(20) DEFAULT NULL COMMENT 'NA as per new desing',,Organization / Employee,NO,NO,
cmms_emp_mst,22,EMM_MAX_PURCHASE,"decimal(10,2)",decimal,"10,2",YES,NULL,NO,0,,,"decimal(10,2) DEFAULT NULL",,Organization / Employee,NO,NO,
cmms_emp_mst,23,EMM_REMARKS,varchar(500),varchar,500,YES,NULL,NO,0,,,varchar(500) DEFAULT NULL,,Organization / Employee,NO,NO,
cmms_emp_mst,24,EMM_CREATED_BY,varchar(7),varchar,7,NO,,NO,0,,,varchar(7) NOT NULL,audit_date,Organization / Employee,NO,NO,
cmms_emp_mst,25,EMM_CREATED_ON,datetime(6),datetime,6,NO,,NO,0,,,datetime(6) NOT NULL,audit_date,Organization / Employee,NO,NO,
cmms_emp_mst,26,EMM_UPDATED_BY,varchar(7),varchar,7,NO,,NO,0,,,varchar(7) NOT NULL,audit_date,Organization / Employee,NO,NO,
cmms_emp_mst,27,EMM_UPDATED_ON,datetime(6),datetime,6,NO,,NO,0,,,datetime(6) NOT NULL,audit_date,Organization / Employee,NO,NO,
cmms_emp_mst,28,EMM_RESIPH,varchar(50),varchar,50,YES,NULL,NO,0,,NA as per new desing,varchar(50) DEFAULT NULL COMMENT 'NA as per new desing',,Organization / Employee,NO,NO,
cmms_emp_mst,29,EMM_ROLE,int(11),int,11,YES,NULL,NO,0,,,int(11) DEFAULT NULL,,Organization / Employee,NO,YES,FK_CMMS_EMP_MST_CMMS_ROLE_MST
cmms_emp_mst,30,EMM_INACTIVE,tinyint(1),tinyint,1,NO,0,NO,0,,,tinyint(1) NOT NULL DEFAULT 0,,Organization / Employee,NO,NO,
cmms_eqipinst_identification,1,EMD_EQIP_TYPE,varchar(15),varchar,15,NO,,NO,0,,,varchar(15) NOT NULL,,Equipment / Instruments,YES,YES,FK_CMMS_EQIPINST_IDENTIFICATION_CMMS_EQIP_MST
cmms_eqipinst_identification,2,EQM_ID,int(11),int,11,NO,,NO,0,,,int(11) NOT NULL,id,Equipment / Instruments,YES,YES,FK_CMMS_EQIPINST_IDENTIFICATION_CMMS_EQIP_MST
cmms_eqipinst_identification,3,EII_ID,int(11),int,11,NO,,NO,0,,,int(11) NOT NULL,id,Equipment / Instruments,YES,NO,
cmms_eqipinst_identification,4,EII_TYPE,varchar(50),varchar,50,NO,,NO,0,,,varchar(50) NOT NULL,,Equipment / Instruments,NO,NO,
cmms_eqipinst_identification,5,EII_NAME,varchar(50),varchar,50,NO,,NO,0,,,varchar(50) NOT NULL,,Equipment / Instruments,NO,NO,
cmms_eqipinst_identification,6,EII_MODELNO,varchar(50),varchar,50,NO,,NO,0,,,varchar(50) NOT NULL,,Equipment / Instruments,NO,NO,
cmms_eqipinst_identification,7,EII_SRNO,varchar(50),varchar,50,NO,,NO,0,,,varchar(50) NOT NULL,,Equipment / Instruments,NO,NO,
cmms_eqipinst_identification,8,EII_INUSE,tinyint(1),tinyint,1,NO,,NO,0,,,tinyint(1) NOT NULL,,Equipment / Instruments,NO,NO,
cmms_eqipinst_identification,9,EII_CALREQ,tinyint(1),tinyint,1,NO,,NO,0,,,tinyint(1) NOT NULL,,Equipment / Instruments,NO,NO,
cmms_eqipinst_identification,10,EII_REMARKS,varchar(100),varchar,100,YES,NULL,NO,0,,,varchar(100) DEFAULT NULL,,Equipment / Instruments,NO,NO,
cmms_eqip_detail_spec,1,EDS_EQIP_TYPE,varchar(15),varchar,15,NO,,NO,0,,,varchar(15) NOT NULL,,Equipment / Instruments,YES,YES,FK_CMMS_EQIP_DETAIL_SPEC_CMMS_EQIP_MST
cmms_eqip_detail_spec,2,EDS_EQIP_ID,int(11),int,11,NO,,NO,0,,,int(11) NOT NULL,id,Equipment / Instruments,YES,YES,FK_CMMS_EQIP_DETAIL_SPEC_CMMS_EQIP_MST
cmms_eqip_detail_spec,3,EDS_FILENAME,varchar(255),varchar,255,NO,,NO,0,,,varchar(255) NOT NULL,,Equipment / Instruments,YES,NO,
cmms_eqip_detail_spec,4,EDS_IMAGE,longblob,longblob,,YES,NULL,NO,0,,,longblob DEFAULT NULL,,Equipment / Instruments,NO,NO,
cmms_eqip_mst,1,EQM_TYPE,varchar(15),varchar,15,NO,,NO,0,,,varchar(15) NOT NULL,,Equipment / Instruments,YES,NO,
cmms_eqip_mst,2,EQM_ID,int(11),int,11,NO,,NO,0,,,int(11) NOT NULL,id,Equipment / Instruments,YES,NO,
cmms_eqip_mst,3,EQM_NAME,varchar(100),varchar,100,NO,,NO,0,,,varchar(100) NOT NULL,,Equipment / Instruments,NO,NO,
cmms_eqip_mst,4,EQM_DIVID,int(11),int,11,NO,,NO,0,,,int(11) NOT NULL,id,Equipment / Instruments,NO,YES,FK_CMMS_EQIP_MST_CMMS_SECTION_MST
cmms_eqip_mst,5,EQM_PM_FREQ,varchar(2),varchar,2,YES,NULL,NO,0,,,varchar(2) DEFAULT NULL,,Equipment / Instruments,NO,NO,
cmms_eqip_mst,6,EQM_PMCHKLSTNO,int(11),int,11,YES,NULL,NO,0,,,int(11) DEFAULT NULL,,Equipment / Instruments,NO,YES,FK_CMMS_EQIP_MST_CMMS_CHECKLIST_MST
cmms_eqip_mst,7,EQM_CAL_FREQ,varchar(2),varchar,2,YES,NULL,NO,0,,This is changed from smallint to Varchar(2) due to parameter table has varchar,varchar(2) DEFAULT NULL COMMENT 'This is changed from smallint to Varchar(2) due to parameter table has varchar',,Equipment / Instruments,NO,NO,
cmms_eqip_mst,8,EQM_CALCHKLSTNO,int(11),int,11,YES,NULL,NO,0,,,int(11) DEFAULT NULL,,Equipment / Instruments,NO,YES,FK_CMMS_EQIP_MST_CMMS_CHECKLIST_MST1
cmms_eqip_mst,9,EQM_CALSOURCE,varchar(50),varchar,50,YES,NULL,NO,0,,NA as per new desing,varchar(50) DEFAULT NULL COMMENT 'NA as per new desing',,Equipment / Instruments,NO,NO,
cmms_eqip_mst,10,EQM_INST_TYPE,int(11),int,11,YES,NULL,NO,0,,,int(11) DEFAULT NULL,,Equipment / Instruments,NO,YES,FK_CMMS_EQIP_MST_CMMS_PRODUCT_MST
cmms_eqip_mst,11,EQM_TMPLTID,varchar(50),varchar,50,YES,NULL,NO,0,,NA as per new desing,varchar(50) DEFAULT NULL COMMENT 'NA as per new desing',id,Equipment / Instruments,NO,NO,
cmms_eqip_mst,12,EQM_MFRID,int(11),int,11,NO,,NO,0,,,int(11) NOT NULL,id,Equipment / Instruments,NO,YES,FK_CMMS_EQIP_MST_CMMS_CONT_MST
cmms_eqip_mst,13,EQM_MFG_MODEL_NAME,varchar(100),varchar,100,YES,NULL,NO,0,,,varchar(100) DEFAULT NULL,,Equipment / Instruments,NO,NO,
cmms_eqip_mst,14,EQM_VENID,varchar(50),varchar,50,YES,NULL,NO,0,,NA as per new design,varchar(50) DEFAULT NULL COMMENT 'NA as per new design',id,Equipment / Instruments,NO,NO,
cmms_eqip_mst,15,EQM_SRNO,varchar(50),varchar,50,YES,NULL,NO,0,,,varchar(50) DEFAULT NULL,,Equipment / Instruments,NO,NO,
cmms_eqip_mst,16,EQM_MODELNO,varchar(50),varchar,50,YES,NULL,NO,0,,,varchar(50) DEFAULT NULL,,Equipment / Instruments,NO,NO,
cmms_eqip_mst,17,EQM_OPTIONNDESC,varchar(250),varchar,250,YES,NULL,NO,0,,,varchar(250) DEFAULT NULL,,Equipment / Instruments,NO,NO,
cmms_eqip_mst,18,EQM_ASSETNO,varchar(50),varchar,50,YES,NULL,NO,0,,,varchar(50) DEFAULT NULL,,Equipment / Instruments,NO,NO,
cmms_eqip_mst,19,EQM_SRVNO,varchar(50),varchar,50,YES,NULL,NO,0,,,varchar(50) DEFAULT NULL,,Equipment / Instruments,NO,NO,
cmms_eqip_mst,20,EQM_SRVDATE,datetime(6),datetime,6,YES,NULL,NO,0,,,datetime(6) DEFAULT NULL,audit_date,Equipment / Instruments,NO,NO,
cmms_eqip_mst,21,EQM_PONO,varchar(50),varchar,50,YES,NULL,NO,0,,,varchar(50) DEFAULT NULL,,Equipment / Instruments,NO,NO,
cmms_eqip_mst,22,EQM_PODATE,datetime(6),datetime,6,YES,NULL,NO,0,,,datetime(6) DEFAULT NULL,audit_date,Equipment / Instruments,NO,NO,
cmms_eqip_mst,23,EQM_BUDGETCODE,varchar(50),varchar,50,YES,NULL,NO,0,,,varchar(50) DEFAULT NULL,,Equipment / Instruments,NO,NO,
cmms_eqip_mst,24,EQM_EQIPCOST,"decimal(18,2)",decimal,"18,2",YES,NULL,NO,0,,,"decimal(18,2) DEFAULT NULL",,Equipment / Instruments,NO,NO,
cmms_eqip_mst,25,EQM_COSTCURRENCY,varchar(50),varchar,50,YES,NULL,NO,0,,,varchar(50) DEFAULT NULL,,Equipment / Instruments,NO,NO,
cmms_eqip_mst,26,EQM_WRNTY_EXPIRY_DATE,datetime(6),datetime,6,YES,NULL,NO,0,,,datetime(6) DEFAULT NULL,audit_date,Equipment / Instruments,NO,NO,
cmms_eqip_mst,27,EQM_INSTALL_DATE,datetime(6),datetime,6,YES,NULL,NO,0,,,datetime(6) DEFAULT NULL,audit_date,Equipment / Instruments,NO,NO,
cmms_eqip_mst,28,EQM_DIV_ABBR,varchar(50),varchar,50,YES,NULL,NO,0,,Division Short Name,varchar(50) DEFAULT NULL COMMENT 'Division Short Name',,Equipment / Instruments,NO,NO,
cmms_eqip_mst,29,EQM_DIV_UPD_DATE,datetime(6),datetime,6,YES,NULL,NO,0,,,datetime(6) DEFAULT NULL,audit_date,Equipment / Instruments,NO,NO,
cmms_eqip_mst,30,EQM_DIV_STATUS,varchar(50),varchar,50,YES,NULL,NO,0,,,varchar(50) DEFAULT NULL,status,Equipment / Instruments,NO,NO,
cmms_eqip_mst,31,EQM_STATUS_UPD_DATE,datetime(6),datetime,6,YES,NULL,NO,0,,,datetime(6) DEFAULT NULL,status|audit_date,Equipment / Instruments,NO,NO,
cmms_eqip_mst,32,EQM_EndOfSupportDate,datetime(6),datetime,6,YES,NULL,NO,0,,,datetime(6) DEFAULT NULL,audit_date,Equipment / Instruments,NO,NO,
cmms_eqip_mst,33,EQM_REMARKS,varchar(500),varchar,500,YES,NULL,NO,0,,,varchar(500) DEFAULT NULL,,Equipment / Instruments,NO,NO,
cmms_eqip_mst,34,EQM_CREATED_BY,varchar(7),varchar,7,YES,NULL,NO,0,,,varchar(7) DEFAULT NULL,audit_date,Equipment / Instruments,NO,NO,
cmms_eqip_mst,35,EQM_REGISTRATION_FLAG,tinyint(1),tinyint,1,YES,NULL,NO,0,,,tinyint(1) DEFAULT NULL,,Equipment / Instruments,NO,NO,
cmms_eqip_mst,36,EQM_STANDARD,tinyint(1),tinyint,1,YES,NULL,NO,0,,,tinyint(1) DEFAULT NULL,,Equipment / Instruments,NO,NO,
cmms_eqip_mst,37,EQM_CAL_DUE_DATE,datetime(6),datetime,6,YES,NULL,NO,0,,,datetime(6) DEFAULT NULL,audit_date,Equipment / Instruments,NO,NO,
cmms_eqip_mst,38,EQM_PM_DUE_DATE,datetime(6),datetime,6,YES,NULL,NO,0,,,datetime(6) DEFAULT NULL,audit_date,Equipment / Instruments,NO,NO,
cmms_eqip_mst,39,EQM_CREATED_ON,datetime(6),datetime,6,YES,NULL,NO,0,,,datetime(6) DEFAULT NULL,audit_date,Equipment / Instruments,NO,NO,
cmms_eqip_mst,40,EQM_UPDATED_BY,varchar(7),varchar,7,YES,NULL,NO,0,,,varchar(7) DEFAULT NULL,audit_date,Equipment / Instruments,NO,NO,
cmms_eqip_mst,41,EQM_UPDATED_ON,datetime(6),datetime,6,YES,NULL,NO,0,,,datetime(6) DEFAULT NULL,audit_date,Equipment / Instruments,NO,NO,
cmms_eqip_mst,42,EQM_BUDGETAMT,"decimal(19,4)",decimal,"19,4",YES,NULL,NO,0,,NA as per new design,"decimal(19,4) DEFAULT NULL COMMENT 'NA as per new design'",,Equipment / Instruments,NO,NO,
cmms_eqip_mst,43,EQM_CAL_NABL_TYPE,tinyint(1),tinyint,1,YES,NULL,NO,0,,,tinyint(1) DEFAULT NULL,,Equipment / Instruments,NO,NO,
cmms_eqip_mst,44,EQM_CAL_NORMAL_TYPE,tinyint(1),tinyint,1,YES,NULL,NO,0,,,tinyint(1) DEFAULT NULL,,Equipment / Instruments,NO,NO,
cmms_eqip_mst,45,EQM_CAL_AT,varchar(50),varchar,50,YES,NULL,NO,0,,,varchar(50) DEFAULT NULL,audit_date,Equipment / Instruments,NO,NO,
cmms_eqip_mst,46,EQM_DIV_UPD_REASON,longtext,longtext,,YES,NULL,NO,0,,,longtext DEFAULT NULL,long_text,Equipment / Instruments,NO,NO,
cmms_eqip_mst,47,EQM_IICHKLSTNO,int(11),int,11,YES,NULL,NO,0,,,int(11) DEFAULT NULL,,Equipment / Instruments,NO,NO,
cmms_eqip_mst,48,EQM_VERIFIED_BY,varchar(7),varchar,7,YES,NULL,NO,0,,,varchar(7) DEFAULT NULL,,Equipment / Instruments,NO,NO,
cmms_eqip_mst,49,EQM_VERIFIED_ON,datetime(6),datetime,6,YES,NULL,NO,0,,,datetime(6) DEFAULT NULL,audit_date,Equipment / Instruments,NO,NO,
cmms_eqip_mst,50,EQM_MVP_STATUS,"enum('PENDING_VERIFICATION','ACTIVE','UNDER_CALIBRATION','UNDER_REPAIR','OUT_OF_TOLERANCE','QUARANTINED','CONDEMNED','RETIRED')",enum,,NO,'PENDING_VERIFICATION',NO,8,PENDING_VERIFICATION|ACTIVE|UNDER_CALIBRATION|UNDER_REPAIR|OUT_OF_TOLERANCE|QUARANTINED|CONDEMNED|RETIRED,,"enum('PENDING_VERIFICATION','ACTIVE','UNDER_CALIBRATION','UNDER_REPAIR','OUT_OF_TOLERANCE','QUARANTINED','CONDEMNED','RETIRED') NOT NULL DEFAULT 'PENDING_VERIFICATION'",status_enum,Equipment / Instruments,NO,NO,
cmms_eqip_mst,51,EQM_MVP_STATUS_AT,datetime(6),datetime,6,YES,NULL,NO,0,,,datetime(6) DEFAULT NULL,status|audit_date,Equipment / Instruments,NO,NO,
cmms_eqip_mst,52,EQM_SECTION_ID,int(10) UNSIGNED,int,10,YES,NULL,NO,0,,,int(10) UNSIGNED DEFAULT NULL,id,Equipment / Instruments,NO,YES,fk_eqip_section_new
cmms_eqip_mst_hist,1,EQM_HIST_ID,int(11),int,11,NO,,NO,0,,,int(11) NOT NULL,id,Equipment / Instruments,YES,NO,
cmms_eqip_mst_hist,2,EQM_TYPE,varchar(15),varchar,15,NO,,NO,0,,,varchar(15) NOT NULL,,Equipment / Instruments,NO,NO,
cmms_eqip_mst_hist,3,EQM_ID,int(11),int,11,NO,,NO,0,,,int(11) NOT NULL,id,Equipment / Instruments,NO,NO,
cmms_eqip_mst_hist,4,EQM_NAME,varchar(100),varchar,100,NO,,NO,0,,,varchar(100) NOT NULL,,Equipment / Instruments,NO,NO,
cmms_eqip_mst_hist,5,EQM_DIVID,int(11),int,11,NO,,NO,0,,,int(11) NOT NULL,id,Equipment / Instruments,NO,NO,
cmms_eqip_mst_hist,6,EQM_PM_FREQ,varchar(2),varchar,2,YES,NULL,NO,0,,,varchar(2) DEFAULT NULL,,Equipment / Instruments,NO,NO,
cmms_eqip_mst_hist,7,EQM_PMCHKLSTNO,int(11),int,11,YES,NULL,NO,0,,,int(11) DEFAULT NULL,,Equipment / Instruments,NO,NO,
cmms_eqip_mst_hist,8,EQM_CAL_FREQ,varchar(2),varchar,2,YES,NULL,NO,0,,,varchar(2) DEFAULT NULL,,Equipment / Instruments,NO,NO,
cmms_eqip_mst_hist,9,EQM_CALCHKLSTNO,int(11),int,11,YES,NULL,NO,0,,,int(11) DEFAULT NULL,,Equipment / Instruments,NO,NO,
cmms_eqip_mst_hist,10,EQM_CALSOURCE,varchar(50),varchar,50,YES,NULL,NO,0,,,varchar(50) DEFAULT NULL,,Equipment / Instruments,NO,NO,
cmms_eqip_mst_hist,11,EQM_INST_TYPE,int(11),int,11,YES,NULL,NO,0,,,int(11) DEFAULT NULL,,Equipment / Instruments,NO,NO,
cmms_eqip_mst_hist,12,EQM_TMPLTID,varchar(50),varchar,50,YES,NULL,NO,0,,,varchar(50) DEFAULT NULL,id,Equipment / Instruments,NO,NO,
cmms_eqip_mst_hist,13,EQM_MFRID,int(11),int,11,NO,,NO,0,,,int(11) NOT NULL,id,Equipment / Instruments,NO,NO,
cmms_eqip_mst_hist,14,EQM_MFG_MODEL_NAME,varchar(100),varchar,100,YES,NULL,NO,0,,,varchar(100) DEFAULT NULL,,Equipment / Instruments,NO,NO,
cmms_eqip_mst_hist,15,EQM_VENID,varchar(50),varchar,50,YES,NULL,NO,0,,,varchar(50) DEFAULT NULL,id,Equipment / Instruments,NO,NO,
cmms_eqip_mst_hist,16,EQM_SRNO,varchar(50),varchar,50,YES,NULL,NO,0,,,varchar(50) DEFAULT NULL,,Equipment / Instruments,NO,NO,
cmms_eqip_mst_hist,17,EQM_MODELNO,varchar(50),varchar,50,YES,NULL,NO,0,,,varchar(50) DEFAULT NULL,,Equipment / Instruments,NO,NO,
cmms_eqip_mst_hist,18,EQM_OPTIONNDESC,varchar(250),varchar,250,YES,NULL,NO,0,,,varchar(250) DEFAULT NULL,,Equipment / Instruments,NO,NO,
cmms_eqip_mst_hist,19,EQM_ASSETNO,varchar(50),varchar,50,YES,NULL,NO,0,,,varchar(50) DEFAULT NULL,,Equipment / Instruments,NO,NO,
cmms_eqip_mst_hist,20,EQM_SRVNO,varchar(50),varchar,50,YES,NULL,NO,0,,,varchar(50) DEFAULT NULL,,Equipment / Instruments,NO,NO,
cmms_eqip_mst_hist,21,EQM_SRVDATE,datetime(6),datetime,6,YES,NULL,NO,0,,,datetime(6) DEFAULT NULL,audit_date,Equipment / Instruments,NO,NO,
cmms_eqip_mst_hist,22,EQM_PONO,varchar(50),varchar,50,YES,NULL,NO,0,,,varchar(50) DEFAULT NULL,,Equipment / Instruments,NO,NO,
cmms_eqip_mst_hist,23,EQM_PODATE,datetime(6),datetime,6,YES,NULL,NO,0,,,datetime(6) DEFAULT NULL,audit_date,Equipment / Instruments,NO,NO,
cmms_eqip_mst_hist,24,EQM_BUDGETCODE,varchar(50),varchar,50,YES,NULL,NO,0,,,varchar(50) DEFAULT NULL,,Equipment / Instruments,NO,NO,
cmms_eqip_mst_hist,25,EQM_EQIPCOST,"decimal(18,2)",decimal,"18,2",YES,NULL,NO,0,,,"decimal(18,2) DEFAULT NULL",,Equipment / Instruments,NO,NO,
cmms_eqip_mst_hist,26,EQM_COSTCURRENCY,varchar(50),varchar,50,YES,NULL,NO,0,,,varchar(50) DEFAULT NULL,,Equipment / Instruments,NO,NO,
cmms_eqip_mst_hist,27,EQM_WRNTY_EXPIRY_DATE,datetime(6),datetime,6,YES,NULL,NO,0,,,datetime(6) DEFAULT NULL,audit_date,Equipment / Instruments,NO,NO,
cmms_eqip_mst_hist,28,EQM_INSTALL_DATE,datetime(6),datetime,6,YES,NULL,NO,0,,,datetime(6) DEFAULT NULL,audit_date,Equipment / Instruments,NO,NO,
cmms_eqip_mst_hist,29,EQM_DIV_ABBR,varchar(50),varchar,50,YES,NULL,NO,0,,,varchar(50) DEFAULT NULL,,Equipment / Instruments,NO,NO,
cmms_eqip_mst_hist,30,EQM_DIV_UPD_DATE,datetime(6),datetime,6,YES,NULL,NO,0,,,datetime(6) DEFAULT NULL,audit_date,Equipment / Instruments,NO,NO,
cmms_eqip_mst_hist,31,EQM_DIV_STATUS,varchar(50),varchar,50,YES,NULL,NO,0,,,varchar(50) DEFAULT NULL,status,Equipment / Instruments,NO,NO,
cmms_eqip_mst_hist,32,EQM_STATUS_UPD_DATE,datetime(6),datetime,6,YES,NULL,NO,0,,,datetime(6) DEFAULT NULL,status|audit_date,Equipment / Instruments,NO,NO,
cmms_eqip_mst_hist,33,EQM_EndOfSupportDate,datetime(6),datetime,6,YES,NULL,NO,0,,,datetime(6) DEFAULT NULL,audit_date,Equipment / Instruments,NO,NO,
cmms_eqip_mst_hist,34,EQM_REMARKS,varchar(500),varchar,500,YES,NULL,NO,0,,,varchar(500) DEFAULT NULL,,Equipment / Instruments,NO,NO,
cmms_eqip_mst_hist,35,EQM_CREATED_BY,varchar(7),varchar,7,YES,NULL,NO,0,,,varchar(7) DEFAULT NULL,audit_date,Equipment / Instruments,NO,NO,
cmms_eqip_mst_hist,36,EQM_REGISTRATION_FLAG,tinyint(1),tinyint,1,YES,NULL,NO,0,,,tinyint(1) DEFAULT NULL,,Equipment / Instruments,NO,NO,
cmms_eqip_mst_hist,37,EQM_STANDARD,tinyint(1),tinyint,1,YES,NULL,NO,0,,,tinyint(1) DEFAULT NULL,,Equipment / Instruments,NO,NO,
cmms_eqip_mst_hist,38,EQM_CAL_DUE_DATE,datetime(6),datetime,6,YES,NULL,NO,0,,,datetime(6) DEFAULT NULL,audit_date,Equipment / Instruments,NO,NO,
cmms_eqip_mst_hist,39,EQM_PM_DUE_DATE,datetime(6),datetime,6,YES,NULL,NO,0,,,datetime(6) DEFAULT NULL,audit_date,Equipment / Instruments,NO,NO,
cmms_eqip_mst_hist,40,EQM_CREATED_ON,datetime(6),datetime,6,YES,NULL,NO,0,,,datetime(6) DEFAULT NULL,audit_date,Equipment / Instruments,NO,NO,
cmms_eqip_mst_hist,41,EQM_UPDATED_BY,varchar(7),varchar,7,YES,NULL,NO,0,,,varchar(7) DEFAULT NULL,audit_date,Equipment / Instruments,NO,NO,
cmms_eqip_mst_hist,42,EQM_UPDATED_ON,datetime(6),datetime,6,YES,NULL,NO,0,,,datetime(6) DEFAULT NULL,audit_date,Equipment / Instruments,NO,NO,
cmms_eqip_mst_hist,43,EQM_BUDGETAMT,"decimal(19,4)",decimal,"19,4",YES,NULL,NO,0,,,"decimal(19,4) DEFAULT NULL",,Equipment / Instruments,NO,NO,
cmms_eqip_mst_hist,44,EQM_CAL_NABL_TYPE,tinyint(1),tinyint,1,YES,NULL,NO,0,,,tinyint(1) DEFAULT NULL,,Equipment / Instruments,NO,NO,
cmms_eqip_mst_hist,45,EQM_CAL_NORMAL_TYPE,tinyint(1),tinyint,1,YES,NULL,NO,0,,,tinyint(1) DEFAULT NULL,,Equipment / Instruments,NO,NO,
cmms_eqip_mst_hist,46,EQM_CAL_AT,varchar(50),varchar,50,YES,NULL,NO,0,,,varchar(50) DEFAULT NULL,audit_date,Equipment / Instruments,NO,NO,
cmms_eqip_mst_hist,47,EQM_CAL_Freq_Change,tinyint(1),tinyint,1,YES,NULL,NO,0,,,tinyint(1) DEFAULT NULL,,Equipment / Instruments,NO,NO,
cmms_eqip_mst_hist,48,EQM_DIV_UPD_REASON,longtext,longtext,,YES,NULL,NO,0,,,longtext DEFAULT NULL,long_text,Equipment / Instruments,NO,NO,
cmms_eqip_mst_hist,49,EQM_CAL_FREQ_Current,varchar(2),varchar,2,YES,NULL,NO,0,,,varchar(2) DEFAULT NULL,,Equipment / Instruments,NO,NO,
cmms_eqip_tec_spec,1,EMD_EQIP_TYPE,varchar(15),varchar,15,NO,,NO,0,,,varchar(15) NOT NULL,,Equipment / Instruments,YES,YES,FK_CMMS_EQIP_TEC_SPEC_CMMS_EQIP_MST
cmms_eqip_tec_spec,2,EQM_ID,int(11),int,11,NO,,NO,0,,,int(11) NOT NULL,id,Equipment / Instruments,YES,YES,FK_CMMS_EQIP_TEC_SPEC_CMMS_EQIP_MST
cmms_eqip_tec_spec,3,EMD_SPEC_NAME,varchar(50),varchar,50,NO,,NO,0,,,varchar(50) NOT NULL,,Equipment / Instruments,YES,NO,
cmms_eqip_tec_spec,4,EMD_SPEC_VALUE,varchar(50),varchar,50,NO,,NO,0,,,varchar(50) NOT NULL,,Equipment / Instruments,NO,NO,
cmms_fault_mst,1,FM_FAULT_ID,int(11),int,11,NO,,NO,0,,,int(11) NOT NULL,id,Job Cards,YES,NO,
cmms_fault_mst,2,FM_FAULT,varchar(50),varchar,50,YES,NULL,NO,0,,,varchar(50) DEFAULT NULL,,Job Cards,NO,NO,
cmms_fault_mst,3,FM_TYPE,varchar(50),varchar,50,NO,,NO,0,,,varchar(50) NOT NULL,,Job Cards,YES,NO,
cmms_fault_mst,4,FM_JOTYPE,varchar(3),varchar,3,YES,NULL,NO,0,,,varchar(3) DEFAULT NULL,,Job Cards,NO,NO,
cmms_fault_mst,5,FM_CREATED_BY,varchar(7),varchar,7,YES,NULL,NO,0,,,varchar(7) DEFAULT NULL,audit_date,Job Cards,NO,NO,
cmms_fault_mst,6,FM_CREATED_ON,datetime(6),datetime,6,YES,NULL,NO,0,,,datetime(6) DEFAULT NULL,audit_date,Job Cards,NO,NO,
cmms_fault_mst,7,FM_UPDATED_BY,varchar(7),varchar,7,YES,NULL,NO,0,,,varchar(7) DEFAULT NULL,audit_date,Job Cards,NO,NO,
cmms_fault_mst,8,FM_UPDATED_ON,datetime(6),datetime,6,YES,NULL,NO,0,,,datetime(6) DEFAULT NULL,audit_date,Job Cards,NO,NO,
cmms_ins_accuracy_info,1,EIA_INS_ID,int(11),int,11,NO,,NO,0,,,int(11) NOT NULL,id,Equipment / Instruments,YES,YES,FK_CMMS_INS_ACCURACY_INFO_CMMS_EQIP_MST
cmms_ins_accuracy_info,2,EIA_TYPE,varchar(15),varchar,15,NO,,NO,0,,,varchar(15) NOT NULL,,Equipment / Instruments,YES,YES,FK_CMMS_INS_ACCURACY_INFO_CMMS_EQIP_MST
cmms_ins_accuracy_info,3,EIA_ACCURACY,varchar(50),varchar,50,NO,,NO,0,,,varchar(50) NOT NULL,,Equipment / Instruments,YES,NO,
cmms_ins_accuracy_info,4,EIA_RANGE,varchar(50),varchar,50,YES,NULL,NO,0,,,varchar(50) DEFAULT NULL,,Equipment / Instruments,NO,NO,
cmms_ins_accuracy_info,5,EIA_UNIT,varchar(50),varchar,50,YES,NULL,NO,0,,,varchar(50) DEFAULT NULL,,Equipment / Instruments,NO,NO,
cmms_inv_eqip_dtl,1,IVD_PARTNO,int(11),int,11,NO,,NO,0,,,int(11) NOT NULL,,Equipment / Instruments,YES,YES,FK_CMMS_INV_EQIP_DTL_CMMS_INV_MST
cmms_inv_eqip_dtl,2,IVD_EQM_ID,int(11),int,11,NO,,NO,0,,,int(11) NOT NULL,id,Equipment / Instruments,YES,YES,FK_CMMS_INV_EQIP_DTL_CMMS_EQIP_MST
cmms_inv_eqip_dtl,3,IND_EQM_TYPE,varchar(15),varchar,15,NO,,NO,0,,,varchar(15) NOT NULL,,Equipment / Instruments,YES,YES,FK_CMMS_INV_EQIP_DTL_CMMS_EQIP_MST
cmms_inv_mst,1,INV_PARTNO,int(11),int,11,NO,,NO,0,,,int(11) NOT NULL,,Procurement / AMC / Inventory,YES,NO,
cmms_inv_mst,2,INV_PNAME,varchar(100),varchar,100,NO,,NO,0,,,varchar(100) NOT NULL,,Procurement / AMC / Inventory,NO,NO,
cmms_inv_mst,3,INV_CATEGORYID,int(11),int,11,YES,NULL,NO,0,,NA as per new design,int(11) DEFAULT NULL COMMENT 'NA as per new design',id,Procurement / AMC / Inventory,NO,NO,
cmms_inv_mst,4,INV_PLOC,varchar(50),varchar,50,YES,NULL,NO,0,,NA as per new design,varchar(50) DEFAULT NULL COMMENT 'NA as per new design',,Procurement / AMC / Inventory,NO,NO,
cmms_inv_mst,5,INV_MCODE,int(11),int,11,NO,,NO,0,,Mfg Code,int(11) NOT NULL COMMENT 'Mfg Code',,Procurement / AMC / Inventory,NO,YES,FK_CMMS_INV_MST_CMMS_CONT_MST
cmms_inv_mst,6,INV_MPNO,varchar(50),varchar,50,YES,NULL,NO,0,,Mfg Part No,varchar(50) DEFAULT NULL COMMENT 'Mfg Part No',,Procurement / AMC / Inventory,NO,NO,
cmms_inv_mst,7,INV_VCODE,smallint(6),smallint,6,YES,NULL,NO,0,,NA as per new design,smallint(6) DEFAULT NULL COMMENT 'NA as per new design',,Procurement / AMC / Inventory,NO,NO,
cmms_inv_mst,8,INV_INTLSPARESID,int(11),int,11,NO,,NO,0,,Spare Type,int(11) NOT NULL COMMENT 'Spare Type',id,Procurement / AMC / Inventory,NO,YES,FK_CMMS_INV_MST_CMMS_DEVICE_SPARES_MST
cmms_inv_mst,9,INV_INTLSPARESNO,varchar(50),varchar,50,YES,NULL,NO,0,,NA as per new desing,varchar(50) DEFAULT NULL COMMENT 'NA as per new desing',,Procurement / AMC / Inventory,NO,NO,
cmms_inv_mst,10,INV_LOC,varchar(50),varchar,50,YES,NULL,NO,0,,Location,varchar(50) DEFAULT NULL COMMENT 'Location',,Procurement / AMC / Inventory,NO,NO,
cmms_inv_mst,11,INV_DESC,varchar(100),varchar,100,YES,NULL,NO,0,,NA as per new design,varchar(100) DEFAULT NULL COMMENT 'NA as per new design',,Procurement / AMC / Inventory,NO,NO,
cmms_inv_mst,12,INV_WHEREUSED,int(11),int,11,YES,NULL,NO,0,,NA as per new design,int(11) DEFAULT NULL COMMENT 'NA as per new design',,Procurement / AMC / Inventory,NO,NO,
cmms_inv_mst,13,INV_BALQTY,"decimal(13,2)",decimal,"13,2",YES,NULL,NO,0,,Balance Qty,"decimal(13,2) DEFAULT NULL COMMENT 'Balance Qty'",,Procurement / AMC / Inventory,NO,NO,
cmms_inv_mst,14,INV_COST,"decimal(13,2)",decimal,"13,2",YES,NULL,NO,0,,Cost,"decimal(13,2) DEFAULT NULL COMMENT 'Cost'",,Procurement / AMC / Inventory,NO,NO,
cmms_inv_mst,15,INV_ONHND,"decimal(13,2)",decimal,"13,2",YES,NULL,NO,0,,NA as per new design,"decimal(13,2) DEFAULT NULL COMMENT 'NA as per new design'",,Procurement / AMC / Inventory,NO,NO,
cmms_inv_mst,16,INV_USEDQTY,"decimal(13,2)",decimal,"13,2",YES,NULL,NO,0,,NA as per new design,"decimal(13,2) DEFAULT NULL COMMENT 'NA as per new design'",,Procurement / AMC / Inventory,NO,NO,
cmms_inv_mst,17,INV_MINQTY,"decimal(8,2)",decimal,"8,2",YES,NULL,NO,0,,NA as per new design,"decimal(8,2) DEFAULT NULL COMMENT 'NA as per new design'",,Procurement / AMC / Inventory,NO,NO,
cmms_inv_mst,18,INV_ROL,"decimal(8,2)",decimal,"8,2",YES,NULL,NO,0,,NA as per new design,"decimal(8,2) DEFAULT NULL COMMENT 'NA as per new design'",,Procurement / AMC / Inventory,NO,NO,
cmms_inv_mst,19,INV_LEADTIME,bigint(20),bigint,20,YES,NULL,NO,0,,NA as per new design,bigint(20) DEFAULT NULL COMMENT 'NA as per new design',audit_date,Procurement / AMC / Inventory,NO,NO,
cmms_inv_mst,20,INV_UOM,varchar(50),varchar,50,YES,NULL,NO,0,,NA as per new design,varchar(50) DEFAULT NULL COMMENT 'NA as per new design',,Procurement / AMC / Inventory,NO,NO,
cmms_inv_mst,21,INV_LASTPO,varchar(50),varchar,50,YES,NULL,NO,0,,Last PO No,varchar(50) DEFAULT NULL COMMENT 'Last PO No',,Procurement / AMC / Inventory,NO,NO,
cmms_inv_mst,22,INV_LASTPODT,datetime(6),datetime,6,YES,NULL,NO,0,,Last PO Date,datetime(6) DEFAULT NULL COMMENT 'Last PO Date',,Procurement / AMC / Inventory,NO,NO,
cmms_inv_mst,23,INV_LASTCOST,"decimal(13,2)",decimal,"13,2",YES,NULL,NO,0,,Last PO Cost,"decimal(13,2) DEFAULT NULL COMMENT 'Last PO Cost'",,Procurement / AMC / Inventory,NO,NO,
cmms_inv_mst,24,INV_QTY_ONORDER,"decimal(13,3)",decimal,"13,3",YES,NULL,NO,0,,NA as per new design,"decimal(13,3) DEFAULT NULL COMMENT 'NA as per new design'",,Procurement / AMC / Inventory,NO,NO,
cmms_inv_mst,25,INV_STATE,tinyint(1),tinyint,1,NO,,NO,0,,Inactive,tinyint(1) NOT NULL COMMENT 'Inactive',,Procurement / AMC / Inventory,NO,NO,
cmms_inv_mst,26,INV_CREATED_BY,varchar(7),varchar,7,NO,,NO,0,,,varchar(7) NOT NULL,audit_date,Procurement / AMC / Inventory,NO,NO,
cmms_inv_mst,27,INV_CREATED_ON,datetime(6),datetime,6,NO,,NO,0,,,datetime(6) NOT NULL,audit_date,Procurement / AMC / Inventory,NO,NO,
cmms_inv_mst,28,INV_UPDATED_BY,varchar(7),varchar,7,NO,,NO,0,,,varchar(7) NOT NULL,audit_date,Procurement / AMC / Inventory,NO,NO,
cmms_inv_mst,29,INV_UPDATED_ON,datetime(6),datetime,6,NO,,NO,0,,,datetime(6) NOT NULL,audit_date,Procurement / AMC / Inventory,NO,NO,
cmms_jobcard_attendedby_dtl,1,JMA_SECTIONJOBNO,varchar(9),varchar,9,NO,,NO,0,,,varchar(9) NOT NULL,,Job Cards,YES,YES,FK_CMMS_JOBCARD_ATTENDEDBY_DTL_CMMS_JOBCARD_MST
cmms_jobcard_attendedby_dtl,2,JMA_USERID,varchar(7),varchar,7,NO,,NO,0,,,varchar(7) NOT NULL,id,Job Cards,YES,YES,FK_CMMS_JOBCARD_ATTENDEDBY_DTL_CMMS_EMP_MST
cmms_jobcard_attendedby_dtl,3,JMA_ISAWAITING,tinyint(1),tinyint,1,NO,1,NO,0,,,tinyint(1) NOT NULL DEFAULT 1,,Job Cards,YES,NO,
cmms_jobcard_attendedby_dtl,4,JMA_SRNO,int(11),int,11,YES,NULL,NO,0,,,int(11) DEFAULT NULL,,Job Cards,NO,NO,
cmms_jobcard_awaitinginfo,1,JobcardNumber,varchar(9),varchar,9,NO,,NO,0,,,varchar(9) NOT NULL,,Job Cards,YES,YES,FK_CMMS_JOBCARD_AWAITINGINFO_CMMS_JOBCARD_MST
cmms_jobcard_awaitinginfo,2,AwaitingFromDate,datetime(6),datetime,6,YES,NULL,NO,0,,,datetime(6) DEFAULT NULL,audit_date,Job Cards,NO,NO,
cmms_jobcard_awaitinginfo,3,AwaitingFor,varchar(50),varchar,50,YES,NULL,NO,0,,,varchar(50) DEFAULT NULL,,Job Cards,NO,NO,
cmms_jobcard_awaitinginfo,4,JobStartDate,datetime(6),datetime,6,YES,NULL,NO,0,,,datetime(6) DEFAULT NULL,audit_date,Job Cards,NO,NO,
cmms_jobcard_awaitinginfo,5,AwaitingClearDate,datetime(6),datetime,6,YES,NULL,NO,0,,,datetime(6) DEFAULT NULL,audit_date,Job Cards,NO,NO,
cmms_jobcard_awaitinginfo,6,RepairStatus,varchar(50),varchar,50,YES,NULL,NO,0,,,varchar(50) DEFAULT NULL,status,Job Cards,NO,NO,
cmms_jobcard_awaitinginfo,7,ServiceEngr,tinyint(1),tinyint,1,NO,,NO,0,,,tinyint(1) NOT NULL,,Job Cards,NO,NO,
cmms_jobcard_awaitinginfo,8,Operator,tinyint(1),tinyint,1,NO,,NO,0,,,tinyint(1) NOT NULL,,Job Cards,NO,NO,
cmms_jobcard_awaitinginfo,9,Apprentice,tinyint(1),tinyint,1,NO,,NO,0,,,tinyint(1) NOT NULL,,Job Cards,NO,NO,
cmms_jobcard_awaitinginfo,10,AttendedBy,varchar(50),varchar,50,YES,NULL,NO,0,,,varchar(50) DEFAULT NULL,,Job Cards,NO,NO,
cmms_jobcard_awaitinginfo,11,IndentNo,varchar(50),varchar,50,YES,NULL,NO,0,,,varchar(50) DEFAULT NULL,,Job Cards,NO,NO,
cmms_jobcard_awaitinginfo,12,IndentDate,datetime(6),datetime,6,YES,NULL,NO,0,,,datetime(6) DEFAULT NULL,audit_date,Job Cards,NO,NO,
cmms_jobcard_awaitinginfo,13,PurchaseOrderNo,varchar(50),varchar,50,YES,NULL,NO,0,,,varchar(50) DEFAULT NULL,,Job Cards,NO,NO,
cmms_jobcard_awaitinginfo,14,PurchaseOrderDate,datetime(6),datetime,6,YES,NULL,NO,0,,,datetime(6) DEFAULT NULL,audit_date,Job Cards,NO,NO,
cmms_jobcard_awaitinginfo,15,PurchaseCostinRs,"decimal(13,2)",decimal,"13,2",YES,NULL,NO,0,,,"decimal(13,2) DEFAULT NULL",,Job Cards,NO,NO,
cmms_jobcard_awaitinginfo,16,Supplier,varchar(50),varchar,50,YES,NULL,NO,0,,,varchar(50) DEFAULT NULL,,Job Cards,NO,NO,
cmms_jobcard_awaitinginfo,17,SRVNo,varchar(50),varchar,50,YES,NULL,NO,0,,,varchar(50) DEFAULT NULL,,Job Cards,NO,NO,
cmms_jobcard_awaitinginfo,18,SRVDate,datetime(6),datetime,6,YES,NULL,NO,0,,,datetime(6) DEFAULT NULL,audit_date,Job Cards,NO,NO,
cmms_jobcard_awaitinginfo,19,SupplierId,int(11),int,11,YES,NULL,NO,0,,,int(11) DEFAULT NULL,id,Job Cards,NO,NO,
cmms_jobcard_cal_adjustments_dtl,1,JCAD_JobCardNo,varchar(9),varchar,9,NO,,NO,0,,,varchar(9) NOT NULL,,Job Cards,YES,YES,FK_CMMS_JOBCARD_CAL_ADJUSTMENTS_DTL_CMMS_JOBCARD_MST
cmms_jobcard_cal_adjustments_dtl,2,JCAD_Parameter,varchar(50),varchar,50,NO,,NO,0,,,varchar(50) NOT NULL,,Job Cards,YES,NO,
cmms_jobcard_cal_adjustments_dtl,3,JCAD_TestValue,varchar(50),varchar,50,NO,,NO,0,,,varchar(50) NOT NULL,,Job Cards,YES,NO,
cmms_jobcard_cal_adjustments_dtl,4,JCAD_SpecLimit,varchar(50),varchar,50,YES,NULL,NO,0,,,varchar(50) DEFAULT NULL,,Job Cards,NO,NO,
cmms_jobcard_cal_adjustments_dtl,5,JCAD_BeforeAdj,varchar(50),varchar,50,YES,NULL,NO,0,,,varchar(50) DEFAULT NULL,,Job Cards,NO,NO,
cmms_jobcard_cal_adjustments_dtl,6,JCAD_AfterAdj,varchar(50),varchar,50,YES,NULL,NO,0,,,varchar(50) DEFAULT NULL,,Job Cards,NO,NO,
cmms_jobcard_cal_dtl,1,JCD_JobCardNo,varchar(9),varchar,9,NO,,NO,0,,,varchar(9) NOT NULL,,Job Cards,YES,YES,FK_CMMS_JOBCARD_CAL_DTL_CMMS_JOBCARD_MST
cmms_jobcard_cal_dtl,2,JCD_RecdWith,int(11),int,11,YES,NULL,NO,0,,,int(11) DEFAULT NULL,,Job Cards,NO,NO,
cmms_jobcard_cal_dtl,3,JCD_RecdOn,datetime(6),datetime,6,YES,NULL,NO,0,,,datetime(6) DEFAULT NULL,,Job Cards,NO,NO,
cmms_jobcard_cal_dtl,4,JCD_JobStartedOn,datetime(6),datetime,6,YES,NULL,NO,0,,,datetime(6) DEFAULT NULL,,Job Cards,NO,NO,
cmms_jobcard_cal_dtl,5,JCD_JobCompletedOn,datetime(6),datetime,6,YES,NULL,NO,0,,,datetime(6) DEFAULT NULL,,Job Cards,NO,NO,
cmms_jobcard_cal_dtl,6,JCD_CalDueDate,datetime(6),datetime,6,YES,NULL,NO,0,,,datetime(6) DEFAULT NULL,audit_date,Job Cards,NO,NO,
cmms_jobcard_cal_dtl,7,JCD_CALRefNo,varchar(50),varchar,50,YES,NULL,NO,0,,,varchar(50) DEFAULT NULL,,Job Cards,NO,NO,
cmms_jobcard_cal_dtl,8,JCD_CalBy,varchar(100),varchar,100,YES,NULL,NO,0,,,varchar(100) DEFAULT NULL,,Job Cards,NO,NO,
cmms_jobcard_cal_dtl,9,JCD_CALStatus,varchar(50),varchar,50,YES,NULL,NO,0,,,varchar(50) DEFAULT NULL,status,Job Cards,NO,NO,
cmms_jobcard_cal_dtl,10,JCD_ReasonForNoCAL,varchar(50),varchar,50,YES,NULL,NO,0,,,varchar(50) DEFAULT NULL,,Job Cards,NO,NO,
cmms_jobcard_cal_dtl,11,JCD_EQStatusAsRecd,varchar(50),varchar,50,YES,NULL,NO,0,,,varchar(50) DEFAULT NULL,status,Job Cards,NO,NO,
cmms_jobcard_cal_dtl,12,JCD_Adjustments,varchar(100),varchar,100,YES,NULL,NO,0,,,varchar(100) DEFAULT NULL,,Job Cards,NO,NO,
cmms_jobcard_cal_dtl,13,JCD_WorkThruContract,tinyint(1),tinyint,1,NO,,NO,0,,,tinyint(1) NOT NULL,,Job Cards,NO,NO,
cmms_jobcard_cal_dtl,14,JCD_RepairedBy,varchar(50),varchar,50,YES,NULL,NO,0,,,varchar(50) DEFAULT NULL,,Job Cards,NO,NO,
cmms_jobcard_cal_dtl,15,JCD_SentToInstLabOn,datetime(6),datetime,6,YES,NULL,NO,0,,,datetime(6) DEFAULT NULL,,Job Cards,NO,NO,
cmms_jobcard_cal_dtl,16,JCD_RecdFromInstLabOn,datetime(6),datetime,6,YES,NULL,NO,0,,,datetime(6) DEFAULT NULL,,Job Cards,NO,NO,
cmms_jobcard_cal_dtl,17,JCD_Temprature,smallint(6),smallint,6,YES,NULL,NO,0,,,smallint(6) DEFAULT NULL,,Job Cards,NO,NO,
cmms_jobcard_cal_dtl,18,JCD_RH,smallint(6),smallint,6,YES,NULL,NO,0,,,smallint(6) DEFAULT NULL,,Job Cards,NO,NO,
cmms_jobcard_cal_dtl,19,JCD_RH2,smallint(6),smallint,6,YES,NULL,NO,0,,,smallint(6) DEFAULT NULL,,Job Cards,NO,NO,
cmms_jobcard_cal_dtl,20,JCD_TempraturePM,"decimal(18,2)",decimal,"18,2",YES,NULL,NO,0,,,"decimal(18,2) DEFAULT NULL",,Job Cards,NO,NO,
cmms_jobcard_cal_dtl,21,JM_CalProcedureRef,varchar(100),varchar,100,YES,NULL,NO,0,,,varchar(100) DEFAULT NULL,,Job Cards,NO,NO,
cmms_jobcard_cal_observations,1,JobcardNumber,varchar(9),varchar,9,NO,,NO,0,,,varchar(9) NOT NULL,,Job Cards,YES,YES,FK_CMMS_JOBCARD_CAL_OBSERVATIONS_CMMS_JOBCARD_MST
cmms_jobcard_cal_observations,2,TaskID,int(11),int,11,NO,,NO,0,,,int(11) NOT NULL,id,Job Cards,YES,YES,FK_CMMS_JOBCARD_CAL_OBSERVATIONS_CMMS_TASK_MST
cmms_jobcard_cal_observations,3,Status,varchar(15),varchar,15,YES,NULL,NO,0,,,varchar(15) DEFAULT NULL,status,Job Cards,NO,NO,
cmms_jobcard_cal_observations,4,Is_NABL,tinyint(3) UNSIGNED,tinyint,3,YES,NULL,NO,0,,,tinyint(3) UNSIGNED DEFAULT NULL,,Job Cards,NO,NO,
cmms_jobcard_contract_warranty_dtl,1,CWD_JobCardNo,varchar(9),varchar,9,NO,,NO,0,,,varchar(9) NOT NULL,,Job Cards,YES,YES,FK_CMMS_JOBCARD_CONTRACT_WARRANTY_DTL_CMMS_JOBCARD_MST
cmms_jobcard_contract_warranty_dtl,2,CWD_VendorSupplierName,varchar(50),varchar,50,YES,NULL,NO,0,,,varchar(50) DEFAULT NULL,,Job Cards,NO,NO,
cmms_jobcard_contract_warranty_dtl,3,CWD_Intimation_SentOn,datetime(6),datetime,6,YES,NULL,NO,0,,,datetime(6) DEFAULT NULL,,Job Cards,NO,NO,
cmms_jobcard_contract_warranty_dtl,4,CWD_GatePassNo,varchar(50),varchar,50,YES,NULL,NO,0,,,varchar(50) DEFAULT NULL,,Job Cards,NO,NO,
cmms_jobcard_contract_warranty_dtl,5,CWD_GatePassIssuedOn,datetime(6),datetime,6,YES,NULL,NO,0,,,datetime(6) DEFAULT NULL,,Job Cards,NO,NO,
cmms_jobcard_contract_warranty_dtl,6,CWD_GatePassIssuedBy,varchar(50),varchar,50,YES,NULL,NO,0,,,varchar(50) DEFAULT NULL,,Job Cards,NO,NO,
cmms_jobcard_contract_warranty_dtl,7,CWD_StoreRefNo,varchar(50),varchar,50,YES,NULL,NO,0,,,varchar(50) DEFAULT NULL,,Job Cards,NO,NO,
cmms_jobcard_contract_warranty_dtl,8,CWD_SentToStoreOn,datetime(6),datetime,6,YES,NULL,NO,0,,,datetime(6) DEFAULT NULL,,Job Cards,NO,NO,
cmms_jobcard_contract_warranty_dtl,9,CWD_SentToVenderOn,datetime(6),datetime,6,YES,NULL,NO,0,,,datetime(6) DEFAULT NULL,,Job Cards,NO,NO,
cmms_jobcard_contract_warranty_dtl,10,CWD_RecdFromVenderOn,datetime(6),datetime,6,YES,NULL,NO,0,,,datetime(6) DEFAULT NULL,,Job Cards,NO,NO,
cmms_jobcard_contract_warranty_dtl,11,CWD_Cost,"decimal(13,2)",decimal,"13,2",YES,NULL,NO,0,,,"decimal(13,2) DEFAULT NULL",,Job Cards,NO,NO,
cmms_jobcard_contract_warranty_dtl,12,CWD_LabourCharges,"decimal(13,2)",decimal,"13,2",YES,NULL,NO,0,,,"decimal(13,2) DEFAULT NULL",,Job Cards,NO,NO,
cmms_jobcard_contract_warranty_dtl,13,CWD_TransCharges,"decimal(13,2)",decimal,"13,2",YES,NULL,NO,0,,,"decimal(13,2) DEFAULT NULL",,Job Cards,NO,NO,
cmms_jobcard_contract_warranty_dtl,14,CWD_InvoiceNo,varchar(50),varchar,50,YES,NULL,NO,0,,,varchar(50) DEFAULT NULL,,Job Cards,NO,NO,
cmms_jobcard_contract_warranty_dtl,15,CWD_InvoiceRecdOn,datetime(6),datetime,6,YES,NULL,NO,0,,,datetime(6) DEFAULT NULL,,Job Cards,NO,NO,
cmms_jobcard_contract_warranty_dtl,16,CWD_InvoiceClearedOn,datetime(6),datetime,6,YES,NULL,NO,0,,,datetime(6) DEFAULT NULL,,Job Cards,NO,NO,
cmms_jobcard_contract_warranty_dtl,17,CWD_VendorSupplierID,int(11),int,11,YES,NULL,NO,0,,,int(11) DEFAULT NULL,id,Job Cards,NO,NO,
cmms_jobcard_eq_used,1,JEU_JobCardNo,varchar(9),varchar,9,NO,,NO,0,,,varchar(9) NOT NULL,,Job Cards,YES,YES,FK_CMMS_JOBCARD_EQ_USED_CMMS_JOBCARD_MST
cmms_jobcard_eq_used,2,JEU_EquipType,varchar(15),varchar,15,NO,,NO,0,,,varchar(15) NOT NULL,,Job Cards,YES,YES,FK_CMMS_JOBCARD_EQ_USED_CMMS_EQIP_MST
cmms_jobcard_eq_used,3,JEU_EquipId,int(11),int,11,NO,,NO,0,,,int(11) NOT NULL,id,Job Cards,YES,YES,FK_CMMS_JOBCARD_EQ_USED_CMMS_EQIP_MST
cmms_jobcard_eq_used,4,JEU_Notes,longtext,longtext,,YES,NULL,NO,0,,,longtext DEFAULT NULL,long_text,Job Cards,NO,NO,
cmms_jobcard_faulty_category,1,JobcardNumber,varchar(9),varchar,9,NO,,NO,0,,,varchar(9) NOT NULL,,Job Cards,YES,YES,FK_CMMS_JOBCARD_FAULTY_CATEGORY_CMMS_JOBCARD_MST
cmms_jobcard_faulty_category,2,FaultyType,varchar(50),varchar,50,NO,,NO,0,,,varchar(50) NOT NULL,,Job Cards,YES,YES,FK_CMMS_JOBCARD_FAULTY_CATEGORY_CMMS_FAULT_MST
cmms_jobcard_faulty_category,3,FaultyCategory,int(11),int,11,NO,,NO,0,,,int(11) NOT NULL,,Job Cards,YES,YES,FK_CMMS_JOBCARD_FAULTY_CATEGORY_CMMS_FAULT_MST
cmms_jobcard_faulty_section,1,JobcardNumber,varchar(9),varchar,9,NO,,NO,0,,,varchar(9) NOT NULL,,Job Cards,YES,YES,FK_CMMS_JOBCARD_FAULTY_SECTION_CMMS_JOBCARD_MST
cmms_jobcard_faulty_section,2,FaultyType,varchar(50),varchar,50,NO,,NO,0,,,varchar(50) NOT NULL,,Job Cards,YES,YES,FK_CMMS_JOBCARD_FAULTY_SECTION_CMMS_FAULT_MST
cmms_jobcard_faulty_section,3,FaultySection,int(11),int,11,NO,,NO,0,,,int(11) NOT NULL,,Job Cards,YES,YES,FK_CMMS_JOBCARD_FAULTY_SECTION_CMMS_FAULT_MST
cmms_jobcard_inspection_info,1,InstrumentID,int(11),int,11,YES,NULL,NO,0,,,int(11) DEFAULT NULL,id,Job Cards,NO,NO,
cmms_jobcard_inspection_info,2,JobcardNumber,varchar(9),varchar,9,NO,,NO,0,,,varchar(9) NOT NULL,,Job Cards,YES,YES,FK_CMMS_JOBCARD_INSPECTION_INFO_CMMS_JOBCARD_MST
cmms_jobcard_inspection_info,3,JobStartDate,datetime(6),datetime,6,YES,NULL,NO,0,,,datetime(6) DEFAULT NULL,audit_date,Job Cards,NO,NO,
cmms_jobcard_inspection_info,4,JobCompleteDate,datetime(6),datetime,6,YES,NULL,NO,0,,,datetime(6) DEFAULT NULL,audit_date,Job Cards,NO,NO,
cmms_jobcard_inspection_info,5,EqRecdStatus,tinyint(3) UNSIGNED,tinyint,3,YES,NULL,NO,0,,,tinyint(3) UNSIGNED DEFAULT NULL,status,Job Cards,NO,NO,
cmms_jobcard_inspection_info,6,EqNotRecdReason,varchar(500),varchar,500,YES,NULL,NO,0,,,varchar(500) DEFAULT NULL,,Job Cards,NO,NO,
cmms_jobcard_inspection_info,7,WarrantyExpiresOn,datetime(6),datetime,6,YES,NULL,NO,0,,,datetime(6) DEFAULT NULL,,Job Cards,NO,NO,
cmms_jobcard_inspection_info,8,CriticalTestResults,varchar(100),varchar,100,YES,NULL,NO,0,,,varchar(100) DEFAULT NULL,,Job Cards,NO,NO,
cmms_jobcard_inspection_info,9,InspectionResult,varchar(20),varchar,20,YES,NULL,NO,0,,,varchar(20) DEFAULT NULL,,Job Cards,NO,NO,
cmms_jobcard_inspection_info,10,RejectionReasons,varchar(200),varchar,200,YES,NULL,NO,0,,,varchar(200) DEFAULT NULL,,Job Cards,NO,NO,
cmms_jobcard_inspection_info,11,FaultDescription,varchar(200),varchar,200,YES,NULL,NO,0,,,varchar(200) DEFAULT NULL,,Job Cards,NO,NO,
cmms_jobcard_inspection_info,12,ActionTakenBySupplier,varchar(100),varchar,100,YES,NULL,NO,0,,,varchar(100) DEFAULT NULL,,Job Cards,NO,NO,
cmms_jobcard_inspection_info,13,AccRejInfoGivenTo,varchar(35),varchar,35,YES,NULL,NO,0,,,varchar(35) DEFAULT NULL,,Job Cards,NO,NO,
cmms_jobcard_inspection_info,14,AccRejInfoGivenDate,datetime(6),datetime,6,YES,NULL,NO,0,,,datetime(6) DEFAULT NULL,audit_date,Job Cards,NO,NO,
cmms_jobcard_inspection_info,15,IntimationOn,datetime(6),datetime,6,YES,NULL,NO,0,,,datetime(6) DEFAULT NULL,,Job Cards,NO,NO,
cmms_jobcard_inspection_info,16,FinalStatus,tinyint(3) UNSIGNED,tinyint,3,YES,NULL,NO,0,,,tinyint(3) UNSIGNED DEFAULT NULL,status,Job Cards,NO,NO,
cmms_jobcard_inspection_info,17,FinalStatusDate,datetime(6),datetime,6,YES,NULL,NO,0,,,datetime(6) DEFAULT NULL,status|audit_date,Job Cards,NO,NO,
cmms_jobcard_inspection_info,18,Remarks,longtext,longtext,,YES,NULL,NO,0,,,longtext DEFAULT NULL,long_text,Job Cards,NO,NO,
cmms_jobcard_inspection_info,19,FirstVisitOn,datetime(6),datetime,6,YES,NULL,NO,0,,,datetime(6) DEFAULT NULL,,Job Cards,NO,NO,
cmms_jobcard_inspection_info,20,EquipmentRecdOn,datetime(6),datetime,6,YES,NULL,NO,0,,,datetime(6) DEFAULT NULL,,Job Cards,NO,NO,
cmms_jobcard_inspection_info,21,upsize_ts,binary(8),binary,8,YES,NULL,NO,0,,,binary(8) DEFAULT NULL,,Job Cards,NO,NO,
cmms_jobcard_mst,1,JM_JobCardNO,int(11),int,11,NO,,NO,0,,,int(11) NOT NULL,,Job Cards,NO,NO,
cmms_jobcard_mst,2,JM_EQM_TYPE,varchar(15),varchar,15,NO,,NO,0,,,varchar(15) NOT NULL,,Job Cards,NO,YES,FK_CMMS_JOBCARD_MST_CMMS_EQIP_MST
cmms_jobcard_mst,3,JM_EQM_ID,int(11),int,11,NO,,NO,0,,,int(11) NOT NULL,id,Job Cards,NO,YES,FK_CMMS_JOBCARD_MST_CMMS_EQIP_MST
cmms_jobcard_mst,4,JM_FNPETYPE,char(1),char,1,YES,NULL,NO,0,,,char(1) DEFAULT NULL,,Job Cards,NO,NO,
cmms_jobcard_mst,5,JM_SectionJobNo,varchar(9),varchar,9,NO,,NO,0,,,varchar(9) NOT NULL,,Job Cards,YES,NO,
cmms_jobcard_mst,6,JM_JCRecdDate,datetime(6),datetime,6,NO,,NO,0,,,datetime(6) NOT NULL,audit_date,Job Cards,NO,NO,
cmms_jobcard_mst,7,JM_InstRecdDate,datetime(6),datetime,6,NO,,NO,0,,,datetime(6) NOT NULL,audit_date,Job Cards,NO,NO,
cmms_jobcard_mst,8,JM_JobStatus,char(2),char,2,NO,,NO,0,,,char(2) NOT NULL,status,Job Cards,NO,NO,
cmms_jobcard_mst,9,JM_Job,varchar(50),varchar,50,YES,NULL,NO,0,,NA as per new design. (Accepted / Rejected),varchar(50) DEFAULT NULL COMMENT 'NA as per new design. (Accepted / Rejected)',,Job Cards,NO,NO,
cmms_jobcard_mst,10,JM_PlannedStartDate,datetime(6),datetime,6,NO,,NO,0,,,datetime(6) NOT NULL,audit_date,Job Cards,NO,NO,
cmms_jobcard_mst,11,JM_PlannedComletedDate,datetime(6),datetime,6,NO,,NO,0,,,datetime(6) NOT NULL,audit_date,Job Cards,NO,NO,
cmms_jobcard_mst,12,JM_JobStartDate,datetime(6),datetime,6,YES,NULL,NO,0,,,datetime(6) DEFAULT NULL,audit_date,Job Cards,NO,NO,
cmms_jobcard_mst,13,JM_JobEndDate,datetime(6),datetime,6,YES,NULL,NO,0,,,datetime(6) DEFAULT NULL,audit_date,Job Cards,NO,NO,
cmms_jobcard_mst,14,JM_WarrantyRepairs,tinyint(1),tinyint,1,NO,,NO,0,,,tinyint(1) NOT NULL,,Job Cards,NO,NO,
cmms_jobcard_mst,15,JM_ContractRepairs,tinyint(1),tinyint,1,NO,,NO,0,,,tinyint(1) NOT NULL,,Job Cards,NO,NO,
cmms_jobcard_mst,16,JM_ServiceEngr,tinyint(1),tinyint,1,YES,NULL,NO,0,,,tinyint(1) DEFAULT NULL,,Job Cards,NO,NO,
cmms_jobcard_mst,17,JM_Operator,tinyint(1),tinyint,1,YES,NULL,NO,0,,,tinyint(1) DEFAULT NULL,,Job Cards,NO,NO,
cmms_jobcard_mst,18,JM_Apprentice,tinyint(1),tinyint,1,YES,NULL,NO,0,,,tinyint(1) DEFAULT NULL,,Job Cards,NO,NO,
cmms_jobcard_mst,19,JM_AttendedBy,varchar(50),varchar,50,YES,NULL,NO,0,,NA as per new desing. For this there is new table,varchar(50) DEFAULT NULL COMMENT 'NA as per new desing. For this there is new table',,Job Cards,NO,NO,
cmms_jobcard_mst,20,JM_EQGivenTo,varchar(50),varchar,50,YES,NULL,NO,0,,,varchar(50) DEFAULT NULL,,Job Cards,NO,NO,
cmms_jobcard_mst,21,JM_EQGivenOn,datetime(6),datetime,6,YES,NULL,NO,0,,,datetime(6) DEFAULT NULL,,Job Cards,NO,NO,
cmms_jobcard_mst,22,JM_Remarks,varchar(550),varchar,550,YES,NULL,NO,0,,,varchar(550) DEFAULT NULL,,Job Cards,NO,NO,
cmms_jobcard_mst,23,JM_CalPMDueDate,datetime(6),datetime,6,YES,NULL,NO,0,,,datetime(6) DEFAULT NULL,audit_date,Job Cards,NO,NO,
cmms_jobcard_mst,24,JM_DESC,longtext,longtext,,YES,NULL,NO,0,,NA as per new desing,longtext DEFAULT NULL COMMENT 'NA as per new desing',long_text,Job Cards,NO,NO,
cmms_jobcard_mst,25,JM_PLANID,int(11),int,11,YES,NULL,NO,0,,NA as per new desing,int(11) DEFAULT NULL COMMENT 'NA as per new desing',id,Job Cards,NO,NO,
cmms_jobcard_mst,26,JM_DUEIN,varchar(50),varchar,50,YES,NULL,NO,0,,NA as per new desing,varchar(50) DEFAULT NULL COMMENT 'NA as per new desing',,Job Cards,NO,NO,
cmms_jobcard_mst,27,JM_JOBTYPE,tinyint(3) UNSIGNED,tinyint,3,NO,0,NO,0,,,tinyint(3) UNSIGNED NOT NULL DEFAULT 0,,Job Cards,NO,NO,
cmms_jobcard_mst,28,JM_REPAIRTYPE,tinyint(3) UNSIGNED,tinyint,3,YES,NULL,NO,0,,,tinyint(3) UNSIGNED DEFAULT NULL,,Job Cards,NO,NO,
cmms_jobcard_mst,29,JM_CREATED_BY,varchar(7),varchar,7,NO,,NO,0,,,varchar(7) NOT NULL,audit_date,Job Cards,NO,NO,
cmms_jobcard_mst,30,JM_CREATED_ON,datetime(6),datetime,6,NO,,NO,0,,,datetime(6) NOT NULL,audit_date,Job Cards,NO,NO,
cmms_jobcard_mst,31,JM_UPDATED_BY,varchar(50),varchar,50,NO,,NO,0,,,varchar(50) NOT NULL,audit_date,Job Cards,NO,NO,
cmms_jobcard_mst,32,JM_UPDATED_ON,datetime(6),datetime,6,NO,,NO,0,,,datetime(6) NOT NULL,audit_date,Job Cards,NO,NO,
cmms_jobcard_mst,33,JM_COMPLAINTANDSYMPTOMS,varchar(400),varchar,400,YES,NULL,NO,0,,,varchar(400) DEFAULT NULL,,Job Cards,NO,NO,
cmms_jobcard_mst,34,JM_CALTYPE,tinyint(3) UNSIGNED,tinyint,3,YES,NULL,NO,0,,,tinyint(3) UNSIGNED DEFAULT NULL,,Job Cards,NO,NO,
cmms_jobcard_mst,35,JM_MVP_STATUS,"enum('ASSIGNED','IN_PROGRESS','COMPLETED','VERIFIED_CLOSED','REOPENED')",enum,,NO,'ASSIGNED',NO,5,ASSIGNED|IN_PROGRESS|COMPLETED|VERIFIED_CLOSED|REOPENED,,"enum('ASSIGNED','IN_PROGRESS','COMPLETED','VERIFIED_CLOSED','REOPENED') NOT NULL DEFAULT 'ASSIGNED'",status_enum,Job Cards,NO,NO,
cmms_jobcard_mst,36,JM_VERIFIED_BY,varchar(7),varchar,7,YES,NULL,NO,0,,,varchar(7) DEFAULT NULL,,Job Cards,NO,NO,
cmms_jobcard_mst,37,JM_VERIFIED_ON,datetime(6),datetime,6,YES,NULL,NO,0,,,datetime(6) DEFAULT NULL,audit_date,Job Cards,NO,NO,
cmms_jobcard_mst,38,JM_REOPENED_REASON,varchar(500),varchar,500,YES,NULL,NO,0,,,varchar(500) DEFAULT NULL,,Job Cards,NO,NO,
cmms_jobcard_mst_history,1,HistoryId,int(11),int,11,NO,,NO,0,,,int(11) NOT NULL,id,Job Cards,YES,NO,
cmms_jobcard_mst_history,2,JM_JobCardNO,int(11),int,11,NO,,NO,0,,,int(11) NOT NULL,,Job Cards,NO,NO,
cmms_jobcard_mst_history,3,JM_EQM_TYPE,varchar(15),varchar,15,NO,,NO,0,,,varchar(15) NOT NULL,,Job Cards,NO,NO,
cmms_jobcard_mst_history,4,JM_EQM_ID,int(11),int,11,NO,,NO,0,,,int(11) NOT NULL,id,Job Cards,NO,NO,
cmms_jobcard_mst_history,5,JM_FNPETYPE,char(1),char,1,YES,NULL,NO,0,,,char(1) DEFAULT NULL,,Job Cards,NO,NO,
cmms_jobcard_mst_history,6,JM_SectionJobNo,varchar(9),varchar,9,NO,,NO,0,,,varchar(9) NOT NULL,,Job Cards,NO,NO,
cmms_jobcard_mst_history,7,JM_JCRecdDate,datetime(6),datetime,6,NO,,NO,0,,,datetime(6) NOT NULL,audit_date,Job Cards,NO,NO,
cmms_jobcard_mst_history,8,JM_InstRecdDate,datetime(6),datetime,6,NO,,NO,0,,,datetime(6) NOT NULL,audit_date,Job Cards,NO,NO,
cmms_jobcard_mst_history,9,JM_JobStatus,char(2),char,2,NO,,NO,0,,,char(2) NOT NULL,status,Job Cards,NO,NO,
cmms_jobcard_mst_history,10,JM_Job,varchar(50),varchar,50,YES,NULL,NO,0,,NA as per new design. (Accepted / Rejected),varchar(50) DEFAULT NULL COMMENT 'NA as per new design. (Accepted / Rejected)',,Job Cards,NO,NO,
cmms_jobcard_mst_history,11,JM_PlannedStartDate,datetime(6),datetime,6,NO,,NO,0,,,datetime(6) NOT NULL,audit_date,Job Cards,NO,NO,
cmms_jobcard_mst_history,12,JM_PlannedComletedDate,datetime(6),datetime,6,NO,,NO,0,,,datetime(6) NOT NULL,audit_date,Job Cards,NO,NO,
cmms_jobcard_mst_history,13,JM_JobStartDate,datetime(6),datetime,6,YES,NULL,NO,0,,,datetime(6) DEFAULT NULL,audit_date,Job Cards,NO,NO,
cmms_jobcard_mst_history,14,JM_JobEndDate,datetime(6),datetime,6,YES,NULL,NO,0,,,datetime(6) DEFAULT NULL,audit_date,Job Cards,NO,NO,
cmms_jobcard_mst_history,15,JM_WarrantyRepairs,tinyint(1),tinyint,1,NO,,NO,0,,,tinyint(1) NOT NULL,,Job Cards,NO,NO,
cmms_jobcard_mst_history,16,JM_ContractRepairs,tinyint(1),tinyint,1,NO,,NO,0,,,tinyint(1) NOT NULL,,Job Cards,NO,NO,
cmms_jobcard_mst_history,17,JM_ServiceEngr,tinyint(1),tinyint,1,YES,NULL,NO,0,,,tinyint(1) DEFAULT NULL,,Job Cards,NO,NO,
cmms_jobcard_mst_history,18,JM_Operator,tinyint(1),tinyint,1,YES,NULL,NO,0,,,tinyint(1) DEFAULT NULL,,Job Cards,NO,NO,
cmms_jobcard_mst_history,19,JM_Apprentice,tinyint(1),tinyint,1,YES,NULL,NO,0,,,tinyint(1) DEFAULT NULL,,Job Cards,NO,NO,
cmms_jobcard_mst_history,20,JM_AttendedBy,varchar(50),varchar,50,YES,NULL,NO,0,,NA as per new desing. For this there is new table,varchar(50) DEFAULT NULL COMMENT 'NA as per new desing. For this there is new table',,Job Cards,NO,NO,
cmms_jobcard_mst_history,21,JM_EQGivenTo,varchar(50),varchar,50,YES,NULL,NO,0,,,varchar(50) DEFAULT NULL,,Job Cards,NO,NO,
cmms_jobcard_mst_history,22,JM_EQGivenOn,datetime(6),datetime,6,YES,NULL,NO,0,,,datetime(6) DEFAULT NULL,,Job Cards,NO,NO,
cmms_jobcard_mst_history,23,JM_Remarks,varchar(550),varchar,550,YES,NULL,NO,0,,,varchar(550) DEFAULT NULL,,Job Cards,NO,NO,
cmms_jobcard_mst_history,24,JM_CalPMDueDate,datetime(6),datetime,6,YES,NULL,NO,0,,,datetime(6) DEFAULT NULL,audit_date,Job Cards,NO,NO,
cmms_jobcard_mst_history,25,JM_DESC,longtext,longtext,,YES,NULL,NO,0,,NA as per new desing,longtext DEFAULT NULL COMMENT 'NA as per new desing',long_text,Job Cards,NO,NO,
cmms_jobcard_mst_history,26,JM_PLANID,int(11),int,11,YES,NULL,NO,0,,NA as per new desing,int(11) DEFAULT NULL COMMENT 'NA as per new desing',id,Job Cards,NO,NO,
cmms_jobcard_mst_history,27,JM_DUEIN,varchar(50),varchar,50,YES,NULL,NO,0,,NA as per new desing,varchar(50) DEFAULT NULL COMMENT 'NA as per new desing',,Job Cards,NO,NO,
cmms_jobcard_mst_history,28,JM_JOBTYPE,tinyint(3) UNSIGNED,tinyint,3,NO,0,NO,0,,,tinyint(3) UNSIGNED NOT NULL DEFAULT 0,,Job Cards,NO,NO,
cmms_jobcard_mst_history,29,JM_REPAIRTYPE,tinyint(3) UNSIGNED,tinyint,3,YES,NULL,NO,0,,,tinyint(3) UNSIGNED DEFAULT NULL,,Job Cards,NO,NO,
cmms_jobcard_mst_history,30,JM_CREATED_BY,varchar(7),varchar,7,NO,,NO,0,,,varchar(7) NOT NULL,audit_date,Job Cards,NO,NO,
cmms_jobcard_mst_history,31,JM_CREATED_ON,datetime(6),datetime,6,NO,,NO,0,,,datetime(6) NOT NULL,audit_date,Job Cards,NO,NO,
cmms_jobcard_mst_history,32,JM_UPDATED_BY,varchar(50),varchar,50,NO,,NO,0,,,varchar(50) NOT NULL,audit_date,Job Cards,NO,NO,
cmms_jobcard_mst_history,33,JM_UPDATED_ON,datetime(6),datetime,6,NO,,NO,0,,,datetime(6) NOT NULL,audit_date,Job Cards,NO,NO,
cmms_jobcard_mst_history,34,JM_COMPLAINTANDSYMPTOMS,varchar(400),varchar,400,YES,NULL,NO,0,,,varchar(400) DEFAULT NULL,,Job Cards,NO,NO,
cmms_jobcard_mst_history,35,JM_CALTYPE,tinyint(3) UNSIGNED,tinyint,3,YES,NULL,NO,0,,,tinyint(3) UNSIGNED DEFAULT NULL,,Job Cards,NO,NO,
cmms_jobcard_mst_history,36,HU_UPDATED_ON,datetime(6),datetime,6,YES,NULL,NO,0,,,datetime(6) DEFAULT NULL,audit_date,Job Cards,NO,NO,
cmms_jobcard_mst_history,37,HU_UPDATED_BY,varchar(50),varchar,50,YES,NULL,NO,0,,,varchar(50) DEFAULT NULL,audit_date,Job Cards,NO,NO,
cmms_jobcard_repair_info,1,JobcardNumber,varchar(9),varchar,9,NO,,NO,0,,,varchar(9) NOT NULL,,Job Cards,YES,YES,FK_CMMS_JOBCARD_REPAIR_INFO_CMMS_JOBCARD_MST
cmms_jobcard_repair_info,2,JobStartdate,datetime(6),datetime,6,YES,NULL,NO,0,,,datetime(6) DEFAULT NULL,audit_date,Job Cards,NO,NO,
cmms_jobcard_repair_info,3,JobEndDate,datetime(6),datetime,6,YES,NULL,NO,0,,,datetime(6) DEFAULT NULL,audit_date,Job Cards,NO,NO,
cmms_jobcard_repair_info,4,RepairResult,varchar(25),varchar,25,YES,NULL,NO,0,,,varchar(25) DEFAULT NULL,,Job Cards,NO,NO,
cmms_jobcard_repair_info,5,ReasonsForNotRepaired,varchar(50),varchar,50,YES,NULL,NO,0,,,varchar(50) DEFAULT NULL,,Job Cards,NO,NO,
cmms_jobcard_repair_info,6,FaultDescription,varchar(550),varchar,550,YES,NULL,NO,0,,,varchar(550) DEFAULT NULL,,Job Cards,NO,NO,
cmms_jobcard_repair_info,7,ActionTaken,varchar(550),varchar,550,YES,NULL,NO,0,,,varchar(550) DEFAULT NULL,,Job Cards,NO,NO,
cmms_jobcard_repair_info,8,JobcardFromCalLab,tinyint(1),tinyint,1,NO,,NO,0,,,tinyint(1) NOT NULL,,Job Cards,NO,NO,
cmms_jobcard_repair_info,9,SentToCALLabOn,datetime(6),datetime,6,YES,NULL,NO,0,,,datetime(6) DEFAULT NULL,,Job Cards,NO,NO,
cmms_jobcard_repair_info,10,WarrantyRepairs,tinyint(3) UNSIGNED,tinyint,3,YES,NULL,NO,0,,,tinyint(3) UNSIGNED DEFAULT NULL,,Job Cards,NO,NO,
cmms_jobcard_repair_info,11,RepairsThroughContract,tinyint(1),tinyint,1,NO,,NO,0,,,tinyint(1) NOT NULL,,Job Cards,NO,NO,
cmms_jobcard_repair_info,12,PrSystemStatus,tinyint(1),tinyint,1,YES,NULL,NO,0,,,tinyint(1) DEFAULT NULL,status,Job Cards,NO,NO,
cmms_jobcard_repair_info,13,ComplaintAndSymptoms,varchar(200),varchar,200,YES,NULL,NO,0,,,varchar(200) DEFAULT NULL,,Job Cards,NO,NO,
cmms_jobcard_repair_info,14,SystemCheckedBy,varchar(50),varchar,50,YES,NULL,NO,0,,,varchar(50) DEFAULT NULL,,Job Cards,NO,NO,
cmms_jobcard_repair_info,15,SystemCheckedOn,datetime(6),datetime,6,YES,NULL,NO,0,,,datetime(6) DEFAULT NULL,,Job Cards,NO,NO,
cmms_jobcard_repair_info,16,Remarks,varchar(550),varchar,550,YES,NULL,NO,0,,,varchar(550) DEFAULT NULL,,Job Cards,NO,NO,
cmms_jobcard_repair_info,17,PresentSystemStatus,int(11),int,11,YES,NULL,NO,0,,,int(11) DEFAULT NULL,status,Job Cards,NO,NO,
cmms_jobcard_repair_info,18,upsize_ts,binary(8),binary,8,YES,NULL,NO,0,,,binary(8) DEFAULT NULL,,Job Cards,NO,NO,
cmms_jobcard_request_info,1,JRI_JobCardNo,varchar(9),varchar,9,NO,,NO,0,,,varchar(9) NOT NULL,,Job Cards,YES,YES,FK_CMMS_JOBCARD_REQUEST_INFO_CMMS_JOBCARD_MST
cmms_jobcard_request_info,2,JRI_AfterRepairs,tinyint(1),tinyint,1,NO,,NO,0,,,tinyint(1) NOT NULL,,Job Cards,NO,NO,
cmms_jobcard_request_info,3,JRI_SubmittedByID,varchar(7),varchar,7,YES,NULL,NO,0,,,varchar(7) DEFAULT NULL,id,Job Cards,NO,NO,
cmms_jobcard_request_info,4,JRI_SubmittedByName,varchar(100),varchar,100,YES,NULL,NO,0,,,varchar(100) DEFAULT NULL,,Job Cards,NO,NO,
cmms_jobcard_request_info,5,JRI_ProjectID,varchar(50),varchar,50,YES,NULL,NO,0,,,varchar(50) DEFAULT NULL,id,Job Cards,NO,NO,
cmms_jobcard_request_info,6,JRI_SubSystem,varchar(50),varchar,50,YES,NULL,NO,0,,,varchar(50) DEFAULT NULL,,Job Cards,NO,NO,
cmms_jobcard_request_info,7,JRI_OperationManualReceived,tinyint(1),tinyint,1,NO,,NO,0,,,tinyint(1) NOT NULL,,Job Cards,NO,NO,
cmms_jobcard_request_info,8,JRI_ServiceManualReceived,tinyint(1),tinyint,1,NO,,NO,0,,,tinyint(1) NOT NULL,,Job Cards,NO,NO,
cmms_jobcard_request_info,9,JRI_AccessoryKitReceived,tinyint(1),tinyint,1,NO,,NO,0,,,tinyint(1) NOT NULL,,Job Cards,NO,NO,
cmms_jobcard_request_info,10,JRI_InstallAcceptReject,tinyint(1),tinyint,1,NO,,NO,0,,,tinyint(1) NOT NULL,,Job Cards,NO,NO,
cmms_jobcard_request_info,11,JRI_Designation,varchar(50),varchar,50,YES,NULL,NO,0,,,varchar(50) DEFAULT NULL,,Job Cards,NO,NO,
cmms_jobcard_request_info,12,JRI_Division,varchar(50),varchar,50,YES,NULL,NO,0,,,varchar(50) DEFAULT NULL,,Job Cards,NO,NO,
cmms_jobcard_request_info,13,JRI_PhoneLab,varchar(50),varchar,50,YES,NULL,NO,0,,,varchar(50) DEFAULT NULL,,Job Cards,NO,NO,
cmms_jobcard_request_info,14,JRI_PhoneRoom,varchar(50),varchar,50,YES,NULL,NO,0,,,varchar(50) DEFAULT NULL,,Job Cards,NO,NO,
cmms_jobcard_request_info,15,JRI_Complaintandsymptoms,varchar(400),varchar,400,YES,NULL,NO,0,,,varchar(400) DEFAULT NULL,,Job Cards,NO,NO,
cmms_jobcard_request_info,16,JRI_RequestFor,varchar(15),varchar,15,YES,NULL,NO,0,,,varchar(15) DEFAULT NULL,,Job Cards,NO,NO,
cmms_jobcard_request_info,17,JRI_PONO,varchar(100),varchar,100,YES,NULL,NO,0,,,varchar(100) DEFAULT NULL,,Job Cards,NO,NO,
cmms_jobcard_request_info,18,JRI_PODate,datetime(6),datetime,6,YES,NULL,NO,0,,,datetime(6) DEFAULT NULL,audit_date,Job Cards,NO,NO,
cmms_jobcard_request_info,19,JRI_SRVNO,varchar(100),varchar,100,YES,NULL,NO,0,,,varchar(100) DEFAULT NULL,,Job Cards,NO,NO,
cmms_jobcard_request_info,20,JRI_SRVDate,datetime(6),datetime,6,YES,NULL,NO,0,,,datetime(6) DEFAULT NULL,audit_date,Job Cards,NO,NO,
cmms_jobcard_request_info,21,JRI_BudgetCode,varchar(15),varchar,15,YES,NULL,NO,0,,,varchar(15) DEFAULT NULL,,Job Cards,NO,NO,
cmms_jobcard_request_info,22,JRI_EquipCost,"decimal(18,2)",decimal,"18,2",YES,NULL,NO,0,,,"decimal(18,2) DEFAULT NULL",,Job Cards,NO,NO,
cmms_jobcard_request_info,23,JRI_EquipCostCurrency,varchar(100),varchar,100,YES,NULL,NO,0,,,varchar(100) DEFAULT NULL,,Job Cards,NO,NO,
cmms_jobcard_request_info,24,JRI_Eqiuip_Warranty_Expiry_Date,smallint(6),smallint,6,YES,NULL,NO,0,,,smallint(6) DEFAULT NULL,audit_date,Job Cards,NO,NO,
cmms_jobcard_request_info,25,JRI_Working_Status,varchar(20),varchar,20,YES,NULL,NO,0,,,varchar(20) DEFAULT NULL,status,Job Cards,NO,NO,
cmms_jobcard_request_info,26,JRI_Remarks,varchar(500),varchar,500,YES,NULL,NO,0,,,varchar(500) DEFAULT NULL,,Job Cards,NO,NO,
cmms_jobcard_request_info,27,EmailId,varchar(300),varchar,300,YES,NULL,NO,0,,,varchar(300) DEFAULT NULL,id,Job Cards,NO,NO,
cmms_jobcard_request_item_dtl,1,JR_SECTIONJOBNO,varchar(9),varchar,9,NO,,NO,0,,,varchar(9) NOT NULL,,Job Cards,YES,YES,FK_CMMS_JOBCARD_REQUEST_ITEM_DTL_CMMS_JOBCARD_MST
cmms_jobcard_request_item_dtl,2,JR_ITEM_ID,varchar(20),varchar,20,NO,,NO,0,,,varchar(20) NOT NULL,id,Job Cards,YES,NO,
cmms_jobcard_request_item_dtl,3,JR_ITEM_TYPE,varchar(60),varchar,60,NO,,NO,0,,,varchar(60) NOT NULL,,Job Cards,NO,NO,
cmms_jobcard_request_item_dtl,4,JR_ITEM_NAME,varchar(100),varchar,100,NO,,NO,0,,,varchar(100) NOT NULL,,Job Cards,NO,NO,
cmms_jobcard_request_item_dtl,5,JR_ITEM_MODELNO,varchar(100),varchar,100,NO,,NO,0,,,varchar(100) NOT NULL,,Job Cards,NO,NO,
cmms_jobcard_request_item_dtl,6,JR_ITEM_SRNO,varchar(100),varchar,100,NO,,NO,0,,,varchar(100) NOT NULL,,Job Cards,NO,NO,
cmms_jobcard_request_item_dtl,7,JR_ITEM_INUSE,tinyint(1),tinyint,1,NO,,NO,0,,,tinyint(1) NOT NULL,,Job Cards,NO,NO,
cmms_jobcard_request_item_dtl,8,JR_ITEM_REMARKS,varchar(100),varchar,100,YES,NULL,NO,0,,,varchar(100) DEFAULT NULL,,Job Cards,NO,NO,
cmms_jobcard_request_item_dtl,9,JR_ITEM_CALREQUIRED,tinyint(1),tinyint,1,NO,,NO,0,,,tinyint(1) NOT NULL,,Job Cards,NO,NO,
cmms_jobcard_request_item_dtl,10,JR_ITEM_SUBMITTED,tinyint(1),tinyint,1,NO,,NO,0,,,tinyint(1) NOT NULL,,Job Cards,NO,NO,
cmms_jobcard_spares_equip,1,JobcardNumber,varchar(9),varchar,9,NO,,NO,0,,,varchar(9) NOT NULL,,Job Cards,YES,YES,FK_CMMS_JOBCARD_SPARES_EQUIP_CMMS_JOBCARD_MST
cmms_jobcard_spares_equip,2,Sr_No,int(11),int,11,NO,,NO,0,,,int(11) NOT NULL,,Job Cards,YES,NO,
cmms_jobcard_spares_equip,3,FaultyDevice,int(11),int,11,NO,,NO,0,,,int(11) NOT NULL,,Job Cards,NO,NO,
cmms_jobcard_spares_equip,4,Source,varchar(15),varchar,15,YES,NULL,NO,0,,,varchar(15) DEFAULT NULL,,Job Cards,NO,NO,
cmms_jobcard_spares_equip,5,PartNo,varchar(50),varchar,50,YES,NULL,NO,0,,,varchar(50) DEFAULT NULL,,Job Cards,NO,NO,
cmms_jobcard_spares_equip,6,Quantity,int(11),int,11,YES,NULL,NO,0,,,int(11) DEFAULT NULL,,Job Cards,NO,NO,
cmms_jobcard_spares_equip,7,CostRs,"decimal(13,2)",decimal,"13,2",YES,NULL,NO,0,,,"decimal(13,2) DEFAULT NULL",,Job Cards,NO,NO,
cmms_jobcard_spares_equip,8,PartName,varchar(100),varchar,100,YES,NULL,NO,0,,,varchar(100) DEFAULT NULL,,Job Cards,NO,NO,
cmms_jobcard_spares_equip,9,FaultyDeviceName,varchar(50),varchar,50,YES,NULL,NO,0,,,varchar(50) DEFAULT NULL,,Job Cards,NO,NO,
cmms_jobcard_status_hist,1,JH_SectionJobNo,varchar(9),varchar,9,NO,,NO,0,,,varchar(9) NOT NULL,,Job Cards,NO,YES,FK_CMMS_JOBCARD_STATUS_HIST_CMMS_JOBCARD_MST
cmms_jobcard_status_hist,2,JH_FNPETYPE,varchar(1),varchar,1,YES,NULL,NO,0,,,varchar(1) DEFAULT NULL,,Job Cards,NO,NO,
cmms_jobcard_status_hist,3,JH_JobStatus,varchar(2),varchar,2,NO,,NO,0,,,varchar(2) NOT NULL,status,Job Cards,NO,NO,
cmms_jobcard_status_hist,4,JH_StatusUpdatedOn,datetime(6),datetime,6,NO,,NO,0,,,datetime(6) NOT NULL,status|audit_date,Job Cards,NO,NO,
cmms_jobcard_status_hist,5,JH_StatusUpdatedBy,varchar(7),varchar,7,NO,,NO,0,,,varchar(7) NOT NULL,status|audit_date,Job Cards,NO,NO,
cmms_jobrequest_item_dtl,1,JR_JOBREQUESTNO,int(11),int,11,NO,,NO,0,,,int(11) NOT NULL,,Job Requests,YES,YES,FK_CMMS_JOBREQUEST_ITEM_DTL_CMMS_JOBREQUEST_MST
cmms_jobrequest_item_dtl,2,JR_ITEM_ID,int(11),int,11,NO,,NO,0,,,int(11) NOT NULL,id,Job Requests,YES,NO,
cmms_jobrequest_item_dtl,3,JR_ITEM_TYPE,varchar(60),varchar,60,NO,,NO,0,,,varchar(60) NOT NULL,,Job Requests,NO,NO,
cmms_jobrequest_item_dtl,4,JR_ITEM_NAME,varchar(100),varchar,100,NO,,NO,0,,,varchar(100) NOT NULL,,Job Requests,NO,NO,
cmms_jobrequest_item_dtl,5,JR_ITEM_MODELNO,varchar(100),varchar,100,NO,,NO,0,,,varchar(100) NOT NULL,,Job Requests,NO,NO,
cmms_jobrequest_item_dtl,6,JR_ITEM_SRNO,varchar(100),varchar,100,NO,,NO,0,,,varchar(100) NOT NULL,,Job Requests,NO,NO,
cmms_jobrequest_item_dtl,7,JR_ITEM_INUSE,tinyint(1),tinyint,1,NO,0,NO,0,,,tinyint(1) NOT NULL DEFAULT 0,,Job Requests,NO,NO,
cmms_jobrequest_item_dtl,8,JR_ITEM_CALREQ,tinyint(1),tinyint,1,NO,0,NO,0,,,tinyint(1) NOT NULL DEFAULT 0,,Job Requests,NO,NO,
cmms_jobrequest_item_dtl,9,JR_ITEM_REMARK,varchar(100),varchar,100,YES,NULL,NO,0,,,varchar(100) DEFAULT NULL,,Job Requests,NO,NO,
cmms_jobrequest_item_dtl,10,JR_ITEM_CHANGED_FLAG,tinyint(1),tinyint,1,NO,,NO,0,,,tinyint(1) NOT NULL,,Job Requests,NO,NO,
cmms_jobrequest_item_dtl,11,JR_ITEM_SUBMITTED,tinyint(1),tinyint,1,NO,0,NO,0,,,tinyint(1) NOT NULL DEFAULT 0,,Job Requests,NO,NO,
cmms_jobrequest_mst,1,JR_JOBREQUESTNO,int(11),int,11,NO,,NO,0,,,int(11) NOT NULL,,Job Requests,YES,NO,
cmms_jobrequest_mst,2,JR_REQUEST_TYPE,varchar(25),varchar,25,NO,,NO,0,,,varchar(25) NOT NULL,,Job Requests,NO,NO,
cmms_jobrequest_mst,3,JR_JOBREQUESTDATE,datetime,datetime,,NO,,NO,0,,,datetime NOT NULL,audit_date,Job Requests,NO,NO,
cmms_jobrequest_mst,4,JR_SECTIONJOB_NO,varchar(9),varchar,9,YES,NULL,NO,0,,,varchar(9) DEFAULT NULL,,Job Requests,NO,YES,FK_CMMS_JOBREQUEST_MST_CMMS_JOBCARD_MST
cmms_jobrequest_mst,5,JR_EQM_ID,int(11),int,11,YES,NULL,NO,0,,,int(11) DEFAULT NULL,id,Job Requests,NO,YES,FK_CMMS_JOBREQUEST_MST_CMMS_EQIP_MST
cmms_jobrequest_mst,6,JR_EQM_TYPE,varchar(15),varchar,15,NO,,NO,0,,,varchar(15) NOT NULL,,Job Requests,NO,YES,FK_CMMS_JOBREQUEST_MST_CMMS_EQIP_MST
cmms_jobrequest_mst,7,JR_EQM_NAME,varchar(200),varchar,200,YES,NULL,NO,0,,,varchar(200) DEFAULT NULL,,Job Requests,NO,NO,
cmms_jobrequest_mst,8,JR_EQM_MFRID,int(11),int,11,YES,NULL,NO,0,,,int(11) DEFAULT NULL,id,Job Requests,NO,NO,
cmms_jobrequest_mst,9,JR_EQM_MFR_NAME,varchar(100),varchar,100,YES,NULL,NO,0,,,varchar(100) DEFAULT NULL,,Job Requests,NO,NO,
cmms_jobrequest_mst,10,JR_EQM_MODELNO,varchar(100),varchar,100,YES,NULL,NO,0,,,varchar(100) DEFAULT NULL,,Job Requests,NO,NO,
cmms_jobrequest_mst,11,JR_EQM_SRNO,varchar(100),varchar,100,YES,NULL,NO,0,,,varchar(100) DEFAULT NULL,,Job Requests,NO,NO,
cmms_jobrequest_mst,12,JR_INST_TYPE,int(11),int,11,YES,NULL,NO,0,,,int(11) DEFAULT NULL,,Job Requests,NO,YES,FK_CMMS_JOBREQUEST_MST_CMMS_PRODUCT_MST
cmms_jobrequest_mst,13,JR_EQM_OPTNDESC,varchar(200),varchar,200,YES,NULL,NO,0,,,varchar(200) DEFAULT NULL,,Job Requests,NO,NO,
cmms_jobrequest_mst,14,JR_SUBMITTEDBYID,varchar(7),varchar,7,YES,NULL,NO,0,,,varchar(7) DEFAULT NULL,id,Job Requests,NO,NO,
cmms_jobrequest_mst,15,JR_SUBMITTEDBYNAME,varchar(100),varchar,100,YES,NULL,NO,0,,,varchar(100) DEFAULT NULL,,Job Requests,NO,NO,
cmms_jobrequest_mst,16,JR_PROJECTID,varchar(100),varchar,100,YES,NULL,NO,0,,,varchar(100) DEFAULT NULL,id,Job Requests,NO,NO,
cmms_jobrequest_mst,17,JR_SUBSYSTEM,varchar(100),varchar,100,YES,NULL,NO,0,,,varchar(100) DEFAULT NULL,,Job Requests,NO,NO,
cmms_jobrequest_mst,18,JR_DESIGNATION,varchar(100),varchar,100,YES,NULL,NO,0,,,varchar(100) DEFAULT NULL,,Job Requests,NO,NO,
cmms_jobrequest_mst,19,JR_DIVISION,int(11),int,11,YES,NULL,NO,0,,,int(11) DEFAULT NULL,,Job Requests,NO,YES,FK_CMMS_JOBREQUEST_MST_CMMS_SECTION_MST
cmms_jobrequest_mst,20,JR_PHOENLAB,varchar(100),varchar,100,YES,NULL,NO,0,,,varchar(100) DEFAULT NULL,,Job Requests,NO,NO,
cmms_jobrequest_mst,21,JR_PHONEROOM,varchar(100),varchar,100,YES,NULL,NO,0,,,varchar(100) DEFAULT NULL,,Job Requests,NO,NO,
cmms_jobrequest_mst,22,JR_AFTERREPAIRS,tinyint(1),tinyint,1,YES,NULL,NO,0,,,tinyint(1) DEFAULT NULL,,Job Requests,NO,NO,
cmms_jobrequest_mst,23,JR_COMPLAINTANDSYMPTOMS,varchar(400),varchar,400,YES,NULL,NO,0,,,varchar(400) DEFAULT NULL,,Job Requests,NO,NO,
cmms_jobrequest_mst,24,JR_REQUESTFOR,varchar(15),varchar,15,YES,NULL,NO,0,,,varchar(15) DEFAULT NULL,,Job Requests,NO,NO,
cmms_jobrequest_mst,25,JR_PONO,varchar(100),varchar,100,YES,NULL,NO,0,,,varchar(100) DEFAULT NULL,,Job Requests,NO,NO,
cmms_jobrequest_mst,26,JR_PODATE,datetime,datetime,,YES,NULL,NO,0,,,datetime DEFAULT NULL,audit_date,Job Requests,NO,NO,
cmms_jobrequest_mst,27,JR_SRVNO,varchar(100),varchar,100,YES,NULL,NO,0,,,varchar(100) DEFAULT NULL,,Job Requests,NO,NO,
cmms_jobrequest_mst,28,JR_SRVDATE,datetime,datetime,,YES,NULL,NO,0,,,datetime DEFAULT NULL,audit_date,Job Requests,NO,NO,
cmms_jobrequest_mst,29,JR_BUDGETCODE,varchar(15),varchar,15,YES,NULL,NO,0,,,varchar(15) DEFAULT NULL,,Job Requests,NO,NO,
cmms_jobrequest_mst,30,JR_EQIPCOST,"decimal(19,2)",decimal,"19,2",YES,NULL,NO,0,,,"decimal(19,2) DEFAULT NULL",,Job Requests,NO,NO,
cmms_jobrequest_mst,31,JR_EQM_COSTCURRENCY,varchar(100),varchar,100,YES,NULL,NO,0,,,varchar(100) DEFAULT NULL,,Job Requests,NO,NO,
cmms_jobrequest_mst,32,JR_EQM_WRNTY_EXPIRY_DATE,smallint(6),smallint,6,YES,NULL,NO,0,,,smallint(6) DEFAULT NULL,audit_date,Job Requests,NO,NO,
cmms_jobrequest_mst,33,JR_WORKING_STATUS,varchar(20),varchar,20,YES,NULL,NO,0,,,varchar(20) DEFAULT NULL,status,Job Requests,NO,NO,
cmms_jobrequest_mst,34,JR_DIVISION_CHANGE_FLAG,tinyint(1),tinyint,1,YES,NULL,NO,0,,,tinyint(1) DEFAULT NULL,,Job Requests,NO,NO,
cmms_jobrequest_mst,35,JR_ITEM_CHANGE_FLAG,tinyint(1),tinyint,1,YES,NULL,NO,0,,,tinyint(1) DEFAULT NULL,,Job Requests,NO,NO,
cmms_jobrequest_mst,36,JR_REMARKS,varchar(500),varchar,500,YES,NULL,NO,0,,,varchar(500) DEFAULT NULL,,Job Requests,NO,NO,
cmms_jobrequest_mst,37,Email,varchar(300),varchar,300,YES,NULL,NO,0,,,varchar(300) DEFAULT NULL,,Job Requests,NO,NO,
cmms_jobrequest_mst,38,JR_MVP_STATUS,"enum('DRAFT','SUBMITTED','ASSIGNED','IN_PROGRESS','COMPLETED','VERIFIED_CLOSED','REJECTED','REOPENED')",enum,,NO,'DRAFT',NO,8,DRAFT|SUBMITTED|ASSIGNED|IN_PROGRESS|COMPLETED|VERIFIED_CLOSED|REJECTED|REOPENED,,"enum('DRAFT','SUBMITTED','ASSIGNED','IN_PROGRESS','COMPLETED','VERIFIED_CLOSED','REJECTED','REOPENED') NOT NULL DEFAULT 'DRAFT'",status_enum,Job Requests,NO,NO,
cmms_jobrequest_mst,39,JR_MVP_STATUS_AT,datetime(6),datetime,6,YES,NULL,NO,0,,,datetime(6) DEFAULT NULL,status|audit_date,Job Requests,NO,NO,
cmms_jobrequest_mst,40,JR_APPROVED_BY,varchar(7),varchar,7,YES,NULL,NO,0,,,varchar(7) DEFAULT NULL,,Job Requests,NO,NO,
cmms_jobrequest_mst,41,JR_APPROVED_ON,datetime(6),datetime,6,YES,NULL,NO,0,,,datetime(6) DEFAULT NULL,audit_date,Job Requests,NO,NO,
cmms_jobrequest_mst,42,JR_REJECTED_BY,varchar(7),varchar,7,YES,NULL,NO,0,,,varchar(7) DEFAULT NULL,,Job Requests,NO,NO,
cmms_jobrequest_mst,43,JR_REJECTED_ON,datetime(6),datetime,6,YES,NULL,NO,0,,,datetime(6) DEFAULT NULL,audit_date,Job Requests,NO,NO,
cmms_jobrequest_mst,44,JR_REJECTION_REASON,varchar(500),varchar,500,YES,NULL,NO,0,,,varchar(500) DEFAULT NULL,,Job Requests,NO,NO,
cmms_jobrequest_mst,45,JR_PRIORITY,"enum('LOW','NORMAL','HIGH','URGENT')",enum,,NO,'NORMAL',NO,4,LOW|NORMAL|HIGH|URGENT,,"enum('LOW','NORMAL','HIGH','URGENT') NOT NULL DEFAULT 'NORMAL'",status_enum,Job Requests,NO,NO,
cmms_jobrequest_mst,46,JR_ASSIGNED_ENGINEER,varchar(7),varchar,7,YES,NULL,NO,0,,,varchar(7) DEFAULT NULL,,Job Requests,NO,NO,
cmms_jobrequest_mst,47,JR_JOB_CATEGORY,"enum('TME','FPE')",enum,,YES,NULL,NO,2,TME|FPE,Phase 6: TME (Test&Measurement) vs FPE (Fabrication&Production),"enum('TME','FPE') DEFAULT NULL COMMENT 'Phase 6: TME (Test&Measurement) vs FPE (Fabrication&Production)'",status_enum,Job Requests,NO,NO,
cmms_jobrequest_mst,48,JR_JOB_TYPE,"enum('CALIBRATION','REPAIR','REGISTRATION')",enum,,YES,NULL,NO,3,CALIBRATION|REPAIR|REGISTRATION,Phase 6: kind of work requested,"enum('CALIBRATION','REPAIR','REGISTRATION') DEFAULT NULL COMMENT 'Phase 6: kind of work requested'",status_enum,Job Requests,NO,NO,
cmms_jobrequest_mst,49,JR_TNC_ACCEPTED_AT,datetime(6),datetime,6,YES,NULL,NO,0,,Phase 6: when the requester accepted all 6 T&C checkboxes,datetime(6) DEFAULT NULL COMMENT 'Phase 6: when the requester accepted all 6 T&C checkboxes',audit_date,Job Requests,NO,NO,
cmms_jobrequest_mst,50,JR_TNC_VERSION,varchar(10),varchar,10,YES,'v1',NO,0,,Phase 6: version string of the T&C set that was accepted,varchar(10) DEFAULT 'v1' COMMENT 'Phase 6: version string of the T&C set that was accepted',,Job Requests,NO,NO,
cmms_jobrequest_mst,51,JR_CREATED_AT,datetime(6),datetime,6,NO,current_timestamp(6),NO,0,,Phase 6: deterministic creation timestamp; index-friendly,datetime(6) NOT NULL DEFAULT current_timestamp(6) COMMENT 'Phase 6: deterministic creation timestamp; index-friendly',audit_date,Job Requests,NO,NO,
cmms_jobrequest_mst,52,JR_UPDATED_AT,datetime(6),datetime,6,NO,current_timestamp(6),NO,0,,Phase 6: auto-touched on every row update,datetime(6) NOT NULL DEFAULT current_timestamp(6) ON UPDATE current_timestamp(6) COMMENT 'Phase 6: auto-touched on every row update',audit_date,Job Requests,NO,NO,
cmms_jobrequest_project_dtl,1,JR_JOBREQUESTNO,int(11),int,11,NO,,NO,0,,,int(11) NOT NULL,,Job Requests,YES,YES,FK_CMMS_JOBREQUEST_PROJECTDTL_CMMS_JOBREQUEST_MST
cmms_jobrequest_project_dtl,2,JR_PROJECTID,int(11),int,11,NO,,NO,0,,,int(11) NOT NULL,id,Job Requests,YES,YES,FK_CMMS_JOBREQUEST_PROJECTDTL_CMMS_PROJ_MST
cmms_lineitem_mst,1,LITM_ID,varchar(15),varchar,15,NO,,NO,0,,,varchar(15) NOT NULL,id,Master Data / Lookup,YES,NO,
cmms_lineitem_mst,2,LITM_NAME,varchar(100),varchar,100,NO,,NO,0,,,varchar(100) NOT NULL,,Master Data / Lookup,NO,NO,
cmms_lineitem_mst,3,LITM_AMT,bigint(20),bigint,20,YES,NULL,NO,0,,,bigint(20) DEFAULT NULL,,Master Data / Lookup,NO,NO,
cmms_lineitem_mst,4,LITM_YEAR,varchar(9),varchar,9,YES,NULL,NO,0,,,varchar(9) DEFAULT NULL,,Master Data / Lookup,NO,NO,
cmms_lineitem_mst,5,LITM_STATE,tinyint(1),tinyint,1,NO,,NO,0,,,tinyint(1) NOT NULL,,Master Data / Lookup,NO,NO,
cmms_lineitem_mst,6,LITM_CREATED_BY,varchar(7),varchar,7,NO,,NO,0,,,varchar(7) NOT NULL,audit_date,Master Data / Lookup,NO,NO,
cmms_lineitem_mst,7,LITM_CREATED_ON,datetime(6),datetime,6,NO,,NO,0,,,datetime(6) NOT NULL,audit_date,Master Data / Lookup,NO,NO,
cmms_lineitem_mst,8,LITM_UPDATED_BY,varchar(7),varchar,7,NO,,NO,0,,,varchar(7) NOT NULL,audit_date,Master Data / Lookup,NO,NO,
cmms_lineitem_mst,9,LITM_UPDATED_ON,datetime(6),datetime,6,NO,,NO,0,,,datetime(6) NOT NULL,audit_date,Master Data / Lookup,NO,NO,
cmms_parameter_master,1,CategoryID,smallint(6),smallint,6,NO,,NO,0,,,smallint(6) NOT NULL,id,Master Data / Lookup,YES,NO,
cmms_parameter_master,2,CategoryDescription,varchar(50),varchar,50,NO,,NO,0,,,varchar(50) NOT NULL,,Master Data / Lookup,NO,NO,
cmms_parameter_master,3,SrID,varchar(15),varchar,15,NO,,NO,0,,,varchar(15) NOT NULL,id,Master Data / Lookup,YES,NO,
cmms_parameter_master,4,Value,varchar(150),varchar,150,YES,NULL,NO,0,,,varchar(150) DEFAULT NULL,,Master Data / Lookup,NO,NO,
cmms_parameter_master,5,is_active,tinyint(1),tinyint,1,NO,1,NO,0,,,tinyint(1) NOT NULL DEFAULT 1,,Master Data / Lookup,NO,NO,
cmms_parameter_master,6,display_order,smallint(6),smallint,6,NO,0,NO,0,,,smallint(6) NOT NULL DEFAULT 0,,Master Data / Lookup,NO,NO,
cmms_parameter_master,7,created_at,datetime(6),datetime,6,NO,current_timestamp(6),NO,0,,,datetime(6) NOT NULL DEFAULT current_timestamp(6),audit_date,Master Data / Lookup,NO,NO,
cmms_parameter_master,8,created_by,varchar(7),varchar,7,YES,NULL,NO,0,,,varchar(7) DEFAULT NULL,audit_date,Master Data / Lookup,NO,NO,
cmms_parameter_master,9,updated_at,datetime(6),datetime,6,NO,current_timestamp(6),NO,0,,,datetime(6) NOT NULL DEFAULT current_timestamp(6) ON UPDATE current_timestamp(6),audit_date,Master Data / Lookup,NO,NO,
cmms_parameter_master,10,updated_by,varchar(7),varchar,7,YES,NULL,NO,0,,,varchar(7) DEFAULT NULL,audit_date,Master Data / Lookup,NO,NO,
cmms_po_item_dtl,1,POI_ID,int(11),int,11,NO,,NO,0,,,int(11) NOT NULL,id,Procurement / AMC / Inventory,NO,YES,FK_CMMS_PO_ITEM_DTL_CMMS_PO_MST
cmms_po_item_dtl,2,POI_SPAREPART_ID,int(11),int,11,YES,NULL,NO,0,,,int(11) DEFAULT NULL,id,Procurement / AMC / Inventory,NO,NO,
cmms_po_item_dtl,3,POI_ITEM_TYPE,int(11),int,11,YES,NULL,NO,0,,,int(11) DEFAULT NULL,,Procurement / AMC / Inventory,NO,YES,FK_CMMS_PO_ITEM_DTL_CMMS_DEVICE_SPARES_MST
cmms_po_item_dtl,4,POI_ITEM_DESC,varchar(50),varchar,50,YES,NULL,NO,0,,,varchar(50) DEFAULT NULL,,Procurement / AMC / Inventory,NO,NO,
cmms_po_item_dtl,5,POI_INDENT_QTY,bigint(20),bigint,20,YES,NULL,NO,0,,,bigint(20) DEFAULT NULL,,Procurement / AMC / Inventory,NO,NO,
cmms_po_item_dtl,6,POI_INDENT_COST,"decimal(13,2)",decimal,"13,2",YES,NULL,NO,0,,,"decimal(13,2) DEFAULT NULL",,Procurement / AMC / Inventory,NO,NO,
cmms_po_item_dtl,7,POI_PO_QTY,bigint(20),bigint,20,YES,NULL,NO,0,,,bigint(20) DEFAULT NULL,,Procurement / AMC / Inventory,NO,NO,
cmms_po_item_dtl,8,POI_PO_COST,"decimal(13,2)",decimal,"13,2",YES,NULL,NO,0,,,"decimal(13,2) DEFAULT NULL",,Procurement / AMC / Inventory,NO,NO,
cmms_po_item_dtl,9,POI_SRV_QTY,bigint(20),bigint,20,YES,NULL,NO,0,,,bigint(20) DEFAULT NULL,,Procurement / AMC / Inventory,NO,NO,
cmms_po_mst,1,PO_TYPE,char(4),char,4,YES,NULL,NO,0,,,char(4) DEFAULT NULL,,Procurement / AMC / Inventory,NO,NO,
cmms_po_mst,2,PO_ID,int(11),int,11,NO,,NO,0,,,int(11) NOT NULL,id,Procurement / AMC / Inventory,YES,NO,
cmms_po_mst,3,PO_LINEITEMCODE,varchar(50),varchar,50,NO,,NO,0,,,varchar(50) NOT NULL,,Procurement / AMC / Inventory,NO,NO,
cmms_po_mst,4,PO_INDENT_DESC,varchar(50),varchar,50,NO,,NO,0,,,varchar(50) NOT NULL,,Procurement / AMC / Inventory,NO,NO,
cmms_po_mst,5,PO_INDENT_NO,varchar(50),varchar,50,NO,,NO,0,,,varchar(50) NOT NULL,,Procurement / AMC / Inventory,NO,NO,
cmms_po_mst,6,PO_INDENT_DATE,datetime(6),datetime,6,NO,,NO,0,,,datetime(6) NOT NULL,audit_date,Procurement / AMC / Inventory,NO,NO,
cmms_po_mst,7,PO_INDENT_COST,"decimal(13,2)",decimal,"13,2",YES,NULL,NO,0,,,"decimal(13,2) DEFAULT NULL",,Procurement / AMC / Inventory,NO,NO,
cmms_po_mst,8,PO_VENDORID,int(11),int,11,YES,NULL,NO,0,,,int(11) DEFAULT NULL,id,Procurement / AMC / Inventory,NO,NO,
cmms_po_mst,9,PO_NO,varchar(50),varchar,50,YES,NULL,NO,0,,,varchar(50) DEFAULT NULL,,Procurement / AMC / Inventory,NO,NO,
cmms_po_mst,10,PO_DATE,datetime(6),datetime,6,YES,NULL,NO,0,,,datetime(6) DEFAULT NULL,audit_date,Procurement / AMC / Inventory,NO,NO,
cmms_po_mst,11,PO_AMC_STATRTDT,datetime(6),datetime,6,YES,NULL,NO,0,,,datetime(6) DEFAULT NULL,,Procurement / AMC / Inventory,NO,NO,
cmms_po_mst,12,PO_AMC_ENDDATE,datetime(6),datetime,6,YES,NULL,NO,0,,,datetime(6) DEFAULT NULL,audit_date,Procurement / AMC / Inventory,NO,NO,
cmms_po_mst,13,PO_CREATED_BY,varchar(7),varchar,7,NO,,NO,0,,,varchar(7) NOT NULL,audit_date,Procurement / AMC / Inventory,NO,NO,
cmms_po_mst,14,PO_CREATED_ON,datetime(6),datetime,6,NO,,NO,0,,,datetime(6) NOT NULL,audit_date,Procurement / AMC / Inventory,NO,NO,
cmms_po_mst,15,PO_UPDATED_BY,varchar(7),varchar,7,NO,,NO,0,,,varchar(7) NOT NULL,audit_date,Procurement / AMC / Inventory,NO,NO,
cmms_po_mst,16,PO_UPDATED_DATE,datetime(6),datetime,6,NO,,NO,0,,,datetime(6) NOT NULL,audit_date,Procurement / AMC / Inventory,NO,NO,
cmms_po_payment_dtl,1,POP_ID,int(11),int,11,NO,,NO,0,,,int(11) NOT NULL,id,Procurement / AMC / Inventory,NO,YES,FK_CMMS_PO_PAYMENT_DTL_CMMS_PO_MST
cmms_po_payment_dtl,2,POP_INVOICE_DATE,datetime(6),datetime,6,NO,,NO,0,,,datetime(6) NOT NULL,audit_date,Procurement / AMC / Inventory,NO,NO,
cmms_po_payment_dtl,3,POP_INVOICE_AMOUNT,"decimal(13,2)",decimal,"13,2",NO,,NO,0,,,"decimal(13,2) NOT NULL",,Procurement / AMC / Inventory,NO,NO,
cmms_po_payment_dtl,4,POP_INVOICE_NO,varchar(50),varchar,50,YES,NULL,NO,0,,,varchar(50) DEFAULT NULL,,Procurement / AMC / Inventory,NO,NO,
cmms_po_payment_dtl,5,POP_INVOICE_CLEARDATE,datetime(6),datetime,6,YES,NULL,NO,0,,,datetime(6) DEFAULT NULL,audit_date,Procurement / AMC / Inventory,NO,NO,
cmms_po_receive_dtl,1,POR_ID,int(11),int,11,NO,,NO,0,,,int(11) NOT NULL,id,Procurement / AMC / Inventory,NO,YES,FK_CMMS_PO_RECEIVE_DTL_CMMS_PO_MST
cmms_po_receive_dtl,2,POR_SRVNO,varchar(50),varchar,50,NO,,NO,0,,,varchar(50) NOT NULL,,Procurement / AMC / Inventory,NO,NO,
cmms_po_receive_dtl,3,POR_SRVDATE,datetime(6),datetime,6,NO,,NO,0,,,datetime(6) NOT NULL,audit_date,Procurement / AMC / Inventory,NO,NO,
cmms_product_mst,1,PROD_ID,int(11),int,11,NO,,NO,0,,,int(11) NOT NULL,id,Master Data / Lookup,YES,NO,
cmms_product_mst,2,PROD_NAME,varchar(50),varchar,50,NO,,NO,0,,,varchar(50) NOT NULL,,Master Data / Lookup,NO,NO,
cmms_product_mst,3,PROD_DESC,varchar(200),varchar,200,YES,NULL,NO,0,,,varchar(200) DEFAULT NULL,,Master Data / Lookup,NO,NO,
cmms_product_mst,4,PROD_TYPE,tinyint(1),tinyint,1,NO,0,NO,0,,,tinyint(1) NOT NULL DEFAULT 0,,Master Data / Lookup,NO,NO,
cmms_product_mst,5,PROD_INSTR_TYPE,tinyint(1),tinyint,1,NO,0,NO,0,,,tinyint(1) NOT NULL DEFAULT 0,,Master Data / Lookup,NO,NO,
cmms_product_mst,6,PROD_TNME_TYPE,tinyint(1),tinyint,1,NO,0,NO,0,,,tinyint(1) NOT NULL DEFAULT 0,,Master Data / Lookup,NO,NO,
cmms_product_mst,7,PROD_STATE,tinyint(1),tinyint,1,NO,0,NO,0,,,tinyint(1) NOT NULL DEFAULT 0,,Master Data / Lookup,NO,NO,
cmms_product_mst,8,PROD_CREATED_BY,varchar(7),varchar,7,NO,,NO,0,,,varchar(7) NOT NULL,audit_date,Master Data / Lookup,NO,NO,
cmms_product_mst,9,PROD_CREATED_ON,datetime(6),datetime,6,NO,,NO,0,,,datetime(6) NOT NULL,audit_date,Master Data / Lookup,NO,NO,
cmms_product_mst,10,PROD_UPDATED_BY,varchar(7),varchar,7,NO,,NO,0,,,varchar(7) NOT NULL,audit_date,Master Data / Lookup,NO,NO,
cmms_product_mst,11,PROD_UPDATED_ON,datetime(6),datetime,6,NO,,NO,0,,,datetime(6) NOT NULL,audit_date,Master Data / Lookup,NO,NO,
cmms_proj_mst,1,PR_ID,int(11),int,11,NO,,NO,0,,,int(11) NOT NULL,id,Master Data / Lookup,YES,NO,
cmms_proj_mst,2,PR_NAME,varchar(50),varchar,50,NO,,NO,0,,,varchar(50) NOT NULL,,Master Data / Lookup,NO,NO,
cmms_proj_mst,3,PR_STATE,tinyint(1),tinyint,1,NO,,NO,0,,,tinyint(1) NOT NULL,,Master Data / Lookup,NO,NO,
cmms_proj_mst,4,PR_CREATED_BY,varchar(7),varchar,7,NO,,NO,0,,,varchar(7) NOT NULL,audit_date,Master Data / Lookup,NO,NO,
cmms_proj_mst,5,PR_CREATED_ON,datetime(6),datetime,6,NO,,NO,0,,,datetime(6) NOT NULL,audit_date,Master Data / Lookup,NO,NO,
cmms_proj_mst,6,PR_UPDATED_BY,varchar(7),varchar,7,NO,,NO,0,,,varchar(7) NOT NULL,audit_date,Master Data / Lookup,NO,NO,
cmms_proj_mst,7,PR_UPDATED_ON,datetime(6),datetime,6,NO,,NO,0,,,datetime(6) NOT NULL,audit_date,Master Data / Lookup,NO,NO,
cmms_pur_dtl,1,PUD_NO,varchar(25),varchar,25,NO,,NO,0,,,varchar(25) NOT NULL,,Procurement / AMC / Inventory,YES,YES,FK_CMMS_PUR_DTL_CMMS_PUR_MST
cmms_pur_dtl,2,PUD_PARTNO,varchar(7),varchar,7,NO,,NO,0,,,varchar(7) NOT NULL,,Procurement / AMC / Inventory,YES,NO,
cmms_pur_dtl,3,PUD_VEN_PARTNO,varchar(10),varchar,10,YES,NULL,NO,0,,,varchar(10) DEFAULT NULL,,Procurement / AMC / Inventory,NO,NO,
cmms_pur_dtl,4,PUD_ACC_GL,varchar(10),varchar,10,YES,NULL,NO,0,,,varchar(10) DEFAULT NULL,,Procurement / AMC / Inventory,NO,NO,
cmms_pur_dtl,5,PUD_UNIT_COST,"decimal(7,2)",decimal,"7,2",YES,NULL,NO,0,,,"decimal(7,2) DEFAULT NULL",,Procurement / AMC / Inventory,NO,NO,
cmms_pur_dtl,6,PUD_QTY_ORDERED,"decimal(8,2)",decimal,"8,2",YES,NULL,NO,0,,,"decimal(8,2) DEFAULT NULL",,Procurement / AMC / Inventory,NO,NO,
cmms_pur_dtl,7,PUD_QTY_PHYREC,"decimal(8,2)",decimal,"8,2",YES,NULL,NO,0,,,"decimal(8,2) DEFAULT NULL",,Procurement / AMC / Inventory,NO,NO,
cmms_pur_dtl,8,PUD_QTY_PHYRECDT,datetime(6),datetime,6,YES,NULL,NO,0,,,datetime(6) DEFAULT NULL,,Procurement / AMC / Inventory,NO,NO,
cmms_pur_dtl,9,PUD_QTY_DUE,"decimal(8,2)",decimal,"8,2",YES,NULL,NO,0,,,"decimal(8,2) DEFAULT NULL",,Procurement / AMC / Inventory,NO,NO,
cmms_pur_dtl,10,PUD_CREATED_BY,mediumint(9),mediumint,9,YES,NULL,NO,0,,,mediumint(9) DEFAULT NULL,audit_date,Procurement / AMC / Inventory,NO,NO,
cmms_pur_dtl,11,PUD_CREATED_ON,datetime(6),datetime,6,YES,NULL,NO,0,,,datetime(6) DEFAULT NULL,audit_date,Procurement / AMC / Inventory,NO,NO,
cmms_pur_dtl,12,PUD_UPDATED_BY,mediumint(9),mediumint,9,YES,NULL,NO,0,,,mediumint(9) DEFAULT NULL,audit_date,Procurement / AMC / Inventory,NO,NO,
cmms_pur_dtl,13,PUD_UPDATED_ON,datetime(6),datetime,6,YES,NULL,NO,0,,,datetime(6) DEFAULT NULL,audit_date,Procurement / AMC / Inventory,NO,NO,
cmms_pur_mst,1,PUM_NO,varchar(25),varchar,25,NO,,NO,0,,,varchar(25) NOT NULL,,Procurement / AMC / Inventory,YES,NO,
cmms_pur_mst,2,PUM_REQ_WHO,bigint(20),bigint,20,YES,NULL,NO,0,,,bigint(20) DEFAULT NULL,,Procurement / AMC / Inventory,NO,NO,
cmms_pur_mst,3,PUM_DT,datetime(6),datetime,6,YES,NULL,NO,0,,,datetime(6) DEFAULT NULL,,Procurement / AMC / Inventory,NO,NO,
cmms_pur_mst,4,PUM_VEND_CODE,varchar(4),varchar,4,YES,NULL,NO,0,,,varchar(4) DEFAULT NULL,,Procurement / AMC / Inventory,NO,NO,
cmms_pur_mst,5,PUM_COST_CENTER,varchar(30),varchar,30,YES,NULL,NO,0,,,varchar(30) DEFAULT NULL,,Procurement / AMC / Inventory,NO,NO,
cmms_pur_mst,6,PUM_PARTSTOTAL,"decimal(10,2)",decimal,"10,2",YES,NULL,NO,0,,,"decimal(10,2) DEFAULT NULL",,Procurement / AMC / Inventory,NO,NO,
cmms_pur_mst,7,PUM_FRIGHT,"decimal(10,2)",decimal,"10,2",YES,NULL,NO,0,,,"decimal(10,2) DEFAULT NULL",,Procurement / AMC / Inventory,NO,NO,
cmms_pur_mst,8,PUM_OTHERCHARGE,"decimal(10,2)",decimal,"10,2",YES,NULL,NO,0,,,"decimal(10,2) DEFAULT NULL",,Procurement / AMC / Inventory,NO,NO,
cmms_pur_mst,9,PUM_GTOTAL,"decimal(22,2)",decimal,"22,2",YES,NULL,NO,0,,,"decimal(22,2) DEFAULT NULL",,Procurement / AMC / Inventory,NO,NO,
cmms_pur_mst,10,PUM_BILLTO,varchar(4),varchar,4,YES,NULL,NO,0,,,varchar(4) DEFAULT NULL,,Procurement / AMC / Inventory,NO,NO,
cmms_pur_mst,11,PUM_GST,varchar(10),varchar,10,YES,NULL,NO,0,,,varchar(10) DEFAULT NULL,,Procurement / AMC / Inventory,NO,NO,
cmms_pur_mst,12,PUM_INSU,varchar(10),varchar,10,YES,NULL,NO,0,,,varchar(10) DEFAULT NULL,,Procurement / AMC / Inventory,NO,NO,
cmms_pur_mst,13,PUM_OCTROI,varchar(10),varchar,10,YES,NULL,NO,0,,,varchar(10) DEFAULT NULL,,Procurement / AMC / Inventory,NO,NO,
cmms_pur_mst,14,PUM_APPROVAL1,bigint(20),bigint,20,YES,NULL,NO,0,,,bigint(20) DEFAULT NULL,,Procurement / AMC / Inventory,NO,NO,
cmms_pur_mst,15,PUM_APPROVAL2,bigint(20),bigint,20,YES,NULL,NO,0,,,bigint(20) DEFAULT NULL,,Procurement / AMC / Inventory,NO,NO,
cmms_pur_mst,16,PUM_APP1_DATE,datetime(6),datetime,6,YES,NULL,NO,0,,,datetime(6) DEFAULT NULL,audit_date,Procurement / AMC / Inventory,NO,NO,
cmms_pur_mst,17,PUM_APP2_DATE,datetime(6),datetime,6,YES,NULL,NO,0,,,datetime(6) DEFAULT NULL,audit_date,Procurement / AMC / Inventory,NO,NO,
cmms_pur_mst,18,PUM_CREATED_BY,mediumint(9),mediumint,9,YES,NULL,NO,0,,,mediumint(9) DEFAULT NULL,audit_date,Procurement / AMC / Inventory,NO,NO,
cmms_pur_mst,19,PUM_CREATED_ON,datetime(6),datetime,6,YES,NULL,NO,0,,,datetime(6) DEFAULT NULL,audit_date,Procurement / AMC / Inventory,NO,NO,
cmms_pur_mst,20,PUM_UPDATED_BY,mediumint(9),mediumint,9,YES,NULL,NO,0,,,mediumint(9) DEFAULT NULL,audit_date,Procurement / AMC / Inventory,NO,NO,
cmms_pur_mst,21,PUM_UPDATED_ON,datetime(6),datetime,6,YES,NULL,NO,0,,,datetime(6) DEFAULT NULL,audit_date,Procurement / AMC / Inventory,NO,NO,
cmms_pur_mst,22,PUM_REMARKS,longtext,longtext,,YES,NULL,NO,0,,,longtext DEFAULT NULL,long_text,Procurement / AMC / Inventory,NO,NO,
cmms_schedule_eqip_dtl,1,SC_PLAN_ID,int(11),int,11,NO,,NO,0,,,int(11) NOT NULL,id,Equipment / Instruments,YES,YES,FK_CMMS_SCHEDULE_EQIP_DTL_CMMS_SCHEDULE_MST
cmms_schedule_eqip_dtl,2,SC_TYPE,varchar(3),varchar,3,NO,,NO,0,,,varchar(3) NOT NULL,,Equipment / Instruments,YES,YES,FK_CMMS_SCHEDULE_EQIP_DTL_CMMS_SCHEDULE_MST
cmms_schedule_eqip_dtl,3,SC_EQM_ID,int(11),int,11,NO,,NO,0,,,int(11) NOT NULL,id,Equipment / Instruments,YES,YES,FK_CMMS_SCHEDULE_EQIP_DTL_CMMS_EQIP_MST
cmms_schedule_eqip_dtl,4,SC_EQM_TYPE,varchar(15),varchar,15,NO,,NO,0,,,varchar(15) NOT NULL,,Equipment / Instruments,YES,YES,FK_CMMS_SCHEDULE_EQIP_DTL_CMMS_EQIP_MST
cmms_schedule_eqip_dtl,5,SC_SCHEDULE_DATE,datetime(6),datetime,6,NO,,NO,0,,,datetime(6) NOT NULL,audit_date,Equipment / Instruments,YES,NO,
cmms_schedule_mst,1,SC_PLAN_ID,int(11),int,11,NO,,NO,0,,,int(11) NOT NULL,id,Scheduling / PM-CAL,YES,NO,
cmms_schedule_mst,2,SC_TYPE,varchar(3),varchar,3,NO,,NO,0,,,varchar(3) NOT NULL,,Scheduling / PM-CAL,YES,NO,
cmms_schedule_mst,3,SC_YEAR,varchar(50),varchar,50,NO,,NO,0,,,varchar(50) NOT NULL,,Scheduling / PM-CAL,NO,NO,
cmms_schedule_mst,4,SC_SM_ID,int(11),int,11,NO,,NO,0,,,int(11) NOT NULL,id,Scheduling / PM-CAL,NO,YES,FK_CMMS_SCHEDULE_MST_CMMS_SECTION_MST
cmms_schedule_mst,5,SC_CREATED_BY,varchar(7),varchar,7,YES,NULL,NO,0,,,varchar(7) DEFAULT NULL,audit_date,Scheduling / PM-CAL,NO,NO,
cmms_schedule_mst,6,SC_CREATED_ON,datetime(6),datetime,6,YES,NULL,NO,0,,,datetime(6) DEFAULT NULL,audit_date,Scheduling / PM-CAL,NO,NO,
cmms_schedule_mst,7,SC_UPDATED_BY,varchar(50),varchar,50,YES,NULL,NO,0,,,varchar(50) DEFAULT NULL,audit_date,Scheduling / PM-CAL,NO,NO,
cmms_schedule_mst,8,SC_UPDATED_ON,datetime(6),datetime,6,YES,NULL,NO,0,,,datetime(6) DEFAULT NULL,audit_date,Scheduling / PM-CAL,NO,NO,
cmms_section_mst,1,SM_ID,int(11),int,11,NO,,NO,0,,,int(11) NOT NULL,id,Organization / Employee,YES,NO,
cmms_section_mst,2,SM_SHORTNAME,varchar(50),varchar,50,NO,,NO,0,,,varchar(50) NOT NULL,,Organization / Employee,NO,NO,
cmms_section_mst,3,SM_NAME,varchar(80),varchar,80,YES,NULL,NO,0,,,varchar(80) DEFAULT NULL,,Organization / Employee,NO,NO,
cmms_section_mst,4,SM_HEAD_NAME,varchar(50),varchar,50,YES,NULL,NO,0,,,varchar(50) DEFAULT NULL,,Organization / Employee,NO,NO,
cmms_section_mst,5,SM_HEAD_PH_NO,varchar(50),varchar,50,YES,NULL,NO,0,,,varchar(50) DEFAULT NULL,,Organization / Employee,NO,NO,
cmms_section_mst,6,SM_HEAD_USER_ID,varchar(7),varchar,7,YES,NULL,NO,0,,,varchar(7) DEFAULT NULL,id,Organization / Employee,NO,NO,
cmms_section_mst,7,SM_STATE,tinyint(1),tinyint,1,NO,,NO,0,,,tinyint(1) NOT NULL,,Organization / Employee,NO,NO,
cmms_section_mst,8,SM_CREATED_BY,varchar(7),varchar,7,NO,,NO,0,,,varchar(7) NOT NULL,audit_date,Organization / Employee,NO,NO,
cmms_section_mst,9,SM_CREATED_ON,datetime(6),datetime,6,NO,,NO,0,,,datetime(6) NOT NULL,audit_date,Organization / Employee,NO,NO,
cmms_section_mst,10,SM_UPDATED_BY,varchar(7),varchar,7,NO,,NO,0,,,varchar(7) NOT NULL,audit_date,Organization / Employee,NO,NO,
cmms_section_mst,11,SM_UPDATED_ON,datetime(6),datetime,6,NO,,NO,0,,,datetime(6) NOT NULL,audit_date,Organization / Employee,NO,NO,
cmms_section_mst,12,SM_HEAD_DESIGNATION,varchar(200),varchar,200,YES,NULL,NO,0,,,varchar(200) DEFAULT NULL,,Organization / Employee,NO,NO,
cmms_section_mst,13,SM_ISGROUP,tinyint(1),tinyint,1,NO,0,NO,0,,,tinyint(1) NOT NULL DEFAULT 0,,Organization / Employee,NO,NO,
cmms_section_mst,14,SM_Email,varchar(150),varchar,150,YES,NULL,NO,0,,,varchar(150) DEFAULT NULL,,Organization / Employee,NO,NO,
cmms_supplier_mfr,1,SUP_ID,int(11),int,11,YES,NULL,NO,0,,,int(11) DEFAULT NULL,id,Vendor / Manufacturer,NO,YES,FK_CMMS_SUPPLIER_MFR_CMMS_CONT_MST
cmms_supplier_mfr,2,MFR_ID,int(11),int,11,NO,,NO,0,,,int(11) NOT NULL,id,Vendor / Manufacturer,NO,YES,FK_CMMS_SUPPLIER_MFR_CMMS_CONT_MST1
cmms_supplier_mfr,3,MFR_PROD_ID,int(11),int,11,NO,,NO,0,,,int(11) NOT NULL,id,Vendor / Manufacturer,NO,YES,FK_CMMS_SUPPLIER_MFR_CMMS_PRODUCT_MST
cmms_task_mst,1,TSK_ID,int(11),int,11,NO,,NO,0,,,int(11) NOT NULL,id,Master Data / Lookup,YES,NO,
cmms_task_mst,2,TSK_EMP_ID,varchar(7),varchar,7,YES,NULL,NO,0,,NA ,varchar(7) DEFAULT NULL COMMENT 'NA ',id,Master Data / Lookup,NO,NO,
cmms_task_mst,3,TSK_NAME,varchar(100),varchar,100,NO,,NO,0,,,varchar(100) NOT NULL,,Master Data / Lookup,NO,NO,
cmms_task_mst,4,TSK_TYPE,varchar(50),varchar,50,NO,,NO,0,,Calibration/PM,varchar(50) NOT NULL COMMENT 'Calibration/PM',,Master Data / Lookup,NO,NO,
cmms_task_mst,5,TSK_DESC,varchar(200),varchar,200,YES,NULL,NO,0,,,varchar(200) DEFAULT NULL,,Master Data / Lookup,NO,NO,
cmms_task_mst,6,TSK_EST_HOUR,"decimal(18,2)",decimal,"18,2",YES,NULL,NO,0,,NA,"decimal(18,2) DEFAULT NULL COMMENT 'NA'",,Master Data / Lookup,NO,NO,
cmms_task_mst,7,TSK_STATE,tinyint(1),tinyint,1,NO,,NO,0,,,tinyint(1) NOT NULL,,Master Data / Lookup,NO,NO,
cmms_task_mst,8,TSK_CREATED_BY,varchar(7),varchar,7,NO,,NO,0,,,varchar(7) NOT NULL,audit_date,Master Data / Lookup,NO,NO,
cmms_task_mst,9,TSK_CREATED_ON,datetime(6),datetime,6,NO,,NO,0,,,datetime(6) NOT NULL,audit_date,Master Data / Lookup,NO,NO,
cmms_task_mst,10,TSK_UPDATED_BY,varchar(7),varchar,7,NO,,NO,0,,,varchar(7) NOT NULL,audit_date,Master Data / Lookup,NO,NO,
cmms_task_mst,11,TSK_UPDATED_ON,datetime(6),datetime,6,NO,,NO,0,,,datetime(6) NOT NULL,audit_date,Master Data / Lookup,NO,NO,
cmms_vendor_doc_spec,1,VENDOR_ID,int(11),int,11,NO,,NO,0,,,int(11) NOT NULL,id,Vendor / Manufacturer,NO,NO,
cmms_vendor_doc_spec,2,VENDOR_DOC_FILENAME,varchar(255),varchar,255,NO,,NO,0,,,varchar(255) NOT NULL,,Vendor / Manufacturer,NO,NO,
cmms_vendor_doc_spec,3,VENDOR_DOC_IMAGE,longblob,longblob,,YES,NULL,NO,0,,,longblob DEFAULT NULL,,Vendor / Manufacturer,NO,NO,
cmms_vendor_doc_spec,4,VENDOR_DOC_PATH,longtext,longtext,,YES,NULL,NO,0,,,longtext DEFAULT NULL,long_text,Vendor / Manufacturer,NO,NO,
departments,1,department_id,smallint(5) UNSIGNED,smallint,5,NO,,NO,0,,,smallint(5) UNSIGNED NOT NULL,id,Organization / Employee,YES,NO,
departments,2,department_code,varchar(20),varchar,20,NO,,NO,0,,"Short uppercase code; e.g., TIMCD","varchar(20) NOT NULL COMMENT 'Short uppercase code; e.g., TIMCD'",,Organization / Employee,NO,NO,
departments,3,department_name,varchar(150),varchar,150,NO,,NO,0,,Full name,varchar(150) NOT NULL COMMENT 'Full name',,Organization / Employee,NO,NO,
departments,4,department_description,varchar(500),varchar,500,YES,NULL,NO,0,,,varchar(500) DEFAULT NULL,,Organization / Employee,NO,NO,
departments,5,is_active,tinyint(1),tinyint,1,NO,1,NO,0,,,tinyint(1) NOT NULL DEFAULT 1,,Organization / Employee,NO,NO,
departments,6,created_at,datetime(6),datetime,6,NO,current_timestamp(6),NO,0,,,datetime(6) NOT NULL DEFAULT current_timestamp(6),audit_date,Organization / Employee,NO,NO,
departments,7,created_by,varchar(20),varchar,20,YES,NULL,NO,0,,,varchar(20) DEFAULT NULL,audit_date,Organization / Employee,NO,NO,
departments,8,updated_at,datetime(6),datetime,6,NO,current_timestamp(6),NO,0,,,datetime(6) NOT NULL DEFAULT current_timestamp(6) ON UPDATE current_timestamp(6),audit_date,Organization / Employee,NO,NO,
departments,9,updated_by,varchar(20),varchar,20,YES,NULL,NO,0,,,varchar(20) DEFAULT NULL,audit_date,Organization / Employee,NO,NO,
equipment_status_history,1,history_id,bigint(20) UNSIGNED,bigint,20,NO,,NO,0,,,bigint(20) UNSIGNED NOT NULL,id,Equipment / Instruments,YES,NO,
equipment_status_history,2,eqm_type,varchar(15),varchar,15,NO,,NO,0,,,varchar(15) NOT NULL,,Equipment / Instruments,NO,YES,fk_esh_eqip
equipment_status_history,3,eqm_id,int(11),int,11,NO,,NO,0,,,int(11) NOT NULL,id,Equipment / Instruments,NO,YES,fk_esh_eqip
equipment_status_history,4,from_status,varchar(30),varchar,30,YES,NULL,NO,0,,NULL on first row (initial PENDING_VERIFICATION),varchar(30) DEFAULT NULL COMMENT 'NULL on first row (initial PENDING_VERIFICATION)',status,Equipment / Instruments,NO,NO,
equipment_status_history,5,to_status,varchar(30),varchar,30,NO,,NO,0,,,varchar(30) NOT NULL,status,Equipment / Instruments,NO,NO,
equipment_status_history,6,transitioned_at,datetime(6),datetime,6,NO,current_timestamp(6),NO,0,,,datetime(6) NOT NULL DEFAULT current_timestamp(6),audit_date,Equipment / Instruments,NO,NO,
equipment_status_history,7,transitioned_by,varchar(7),varchar,7,NO,,NO,0,,,varchar(7) NOT NULL,,Equipment / Instruments,NO,YES,fk_esh_actor
equipment_status_history,8,reason,varchar(500),varchar,500,YES,NULL,NO,0,,,varchar(500) DEFAULT NULL,,Equipment / Instruments,NO,NO,
equipment_status_history,9,related_job_card,varchar(9),varchar,9,YES,NULL,NO,0,,,varchar(9) DEFAULT NULL,,Equipment / Instruments,NO,YES,fk_esh_jc
export_audit,1,export_id,bigint(20) UNSIGNED,bigint,20,NO,,NO,0,,,bigint(20) UNSIGNED NOT NULL,id,Audit / Security,YES,NO,
export_audit,2,actor_employee_id,varchar(7),varchar,7,NO,,NO,0,,,varchar(7) NOT NULL,id,Audit / Security,NO,NO,
export_audit,3,export_type,"enum('JOB_CARD_PDF','CAL_CERT_PDF','JOB_REQUEST_PDF','EXCEL_EQUIPMENT','EXCEL_JOB_CARDS')",enum,,NO,,NO,5,JOB_CARD_PDF|CAL_CERT_PDF|JOB_REQUEST_PDF|EXCEL_EQUIPMENT|EXCEL_JOB_CARDS,,"enum('JOB_CARD_PDF','CAL_CERT_PDF','JOB_REQUEST_PDF','EXCEL_EQUIPMENT','EXCEL_JOB_CARDS') NOT NULL",status_enum,Audit / Security,NO,NO,
export_audit,4,record_ids,text,text,,NO,,NO,0,,JSON array or CSV of PK(s) exported,text NOT NULL COMMENT 'JSON array or CSV of PK(s) exported',long_text,Audit / Security,NO,NO,
export_audit,5,occurred_at,datetime(6),datetime,6,NO,current_timestamp(6),NO,0,,,datetime(6) NOT NULL DEFAULT current_timestamp(6),audit_date,Audit / Security,NO,NO,
export_audit,6,ip_address,varchar(45),varchar,45,YES,NULL,NO,0,,,varchar(45) DEFAULT NULL,,Audit / Security,NO,NO,
export_audit,7,byte_count,int(10) UNSIGNED,int,10,YES,NULL,NO,0,,,int(10) UNSIGNED DEFAULT NULL,,Audit / Security,NO,NO,
job_request_accessories,1,acc_id,bigint(20) UNSIGNED,bigint,20,NO,,NO,0,,Phase 6: row id,bigint(20) UNSIGNED NOT NULL COMMENT 'Phase 6: row id',id,Job Requests,YES,NO,
job_request_accessories,2,jr_no,int(11),int,11,NO,,NO,0,,FK → cmms_jobrequest_mst.JR_JOBREQUESTNO,int(11) NOT NULL COMMENT 'FK → cmms_jobrequest_mst.JR_JOBREQUESTNO',,Job Requests,NO,YES,fk_jra_jr
job_request_accessories,3,accessory_type,varchar(60),varchar,60,NO,,NO,0,,"Free-form category (probe, cable, adapter, …)","varchar(60) NOT NULL COMMENT 'Free-form category (probe, cable, adapter, …)'",,Job Requests,NO,NO,
job_request_accessories,4,accessory_name,varchar(120),varchar,120,NO,,NO,0,,,varchar(120) NOT NULL,,Job Requests,NO,NO,
job_request_accessories,5,serial_no,varchar(120),varchar,120,YES,NULL,NO,0,,,varchar(120) DEFAULT NULL,,Job Requests,NO,NO,
job_request_accessories,6,position,smallint(5) UNSIGNED,smallint,5,NO,0,NO,0,,UI ordering — render rows in this order,smallint(5) UNSIGNED NOT NULL DEFAULT 0 COMMENT 'UI ordering — render rows in this order',,Job Requests,NO,NO,
job_request_accessories,7,created_at,datetime(6),datetime,6,NO,current_timestamp(6),NO,0,,,datetime(6) NOT NULL DEFAULT current_timestamp(6),audit_date,Job Requests,NO,NO,
job_request_status_history,1,history_id,bigint(20) UNSIGNED,bigint,20,NO,,NO,0,,,bigint(20) UNSIGNED NOT NULL,id,Job Requests,YES,NO,
job_request_status_history,2,jr_no,int(11),int,11,NO,,NO,0,,,int(11) NOT NULL,,Job Requests,NO,YES,fk_jrsh_jr
job_request_status_history,3,from_status,varchar(30),varchar,30,YES,NULL,NO,0,,,varchar(30) DEFAULT NULL,status,Job Requests,NO,NO,
job_request_status_history,4,to_status,varchar(30),varchar,30,NO,,NO,0,,,varchar(30) NOT NULL,status,Job Requests,NO,NO,
job_request_status_history,5,transitioned_at,datetime(6),datetime,6,NO,current_timestamp(6),NO,0,,,datetime(6) NOT NULL DEFAULT current_timestamp(6),audit_date,Job Requests,NO,NO,
job_request_status_history,6,transitioned_by,varchar(7),varchar,7,NO,,NO,0,,,varchar(7) NOT NULL,,Job Requests,NO,YES,fk_jrsh_actor
job_request_status_history,7,reason,varchar(500),varchar,500,YES,NULL,NO,0,,,varchar(500) DEFAULT NULL,,Job Requests,NO,NO,
login_audit,1,audit_id,bigint(20) UNSIGNED,bigint,20,NO,,NO,0,,,bigint(20) UNSIGNED NOT NULL,id,Auth & RBAC,YES,NO,
login_audit,2,employee_id,varchar(7),varchar,7,NO,,NO,0,,What user typed; may not exist,varchar(7) NOT NULL COMMENT 'What user typed; may not exist',id,Auth & RBAC,NO,NO,
login_audit,3,attempt_at,datetime(6),datetime,6,NO,current_timestamp(6),NO,0,,,datetime(6) NOT NULL DEFAULT current_timestamp(6),audit_date,Auth & RBAC,NO,NO,
login_audit,4,outcome,"enum('SUCCESS','FAILED_BAD_PASSWORD','FAILED_USER_LOCKED','FAILED_USER_INACTIVE','FAILED_NOT_FOUND','FAILED_INVALID_FORMAT','LOGOUT','TOKEN_REFRESH')",enum,,NO,,NO,8,SUCCESS|FAILED_BAD_PASSWORD|FAILED_USER_LOCKED|FAILED_USER_INACTIVE|FAILED_NOT_FOUND|FAILED_INVALID_FORMAT|LOGOUT|TOKEN_REFRESH,,"enum('SUCCESS','FAILED_BAD_PASSWORD','FAILED_USER_LOCKED','FAILED_USER_INACTIVE','FAILED_NOT_FOUND','FAILED_INVALID_FORMAT','LOGOUT','TOKEN_REFRESH') NOT NULL",status_enum,Auth & RBAC,NO,NO,
login_audit,5,ip_address,varchar(45),varchar,45,YES,NULL,NO,0,,,varchar(45) DEFAULT NULL,,Auth & RBAC,NO,NO,
login_audit,6,user_agent,varchar(500),varchar,500,YES,NULL,NO,0,,,varchar(500) DEFAULT NULL,,Auth & RBAC,NO,NO,
login_audit,7,notes,varchar(255),varchar,255,YES,NULL,NO,0,,,varchar(255) DEFAULT NULL,,Auth & RBAC,NO,NO,
permissions,1,permission_id,smallint(5) UNSIGNED,smallint,5,NO,,NO,0,,,smallint(5) UNSIGNED NOT NULL,id,Auth & RBAC,YES,NO,
permissions,2,permission_code,varchar(80),varchar,80,NO,,NO,0,,"e.g., equipment:create, job_card:verify-close","varchar(80) NOT NULL COMMENT 'e.g., equipment:create, job_card:verify-close'",,Auth & RBAC,NO,NO,
permissions,3,resource,varchar(40),varchar,40,NO,,NO,0,,,varchar(40) NOT NULL,,Auth & RBAC,NO,NO,
permissions,4,action,varchar(60),varchar,60,NO,,NO,0,,,varchar(60) NOT NULL,,Auth & RBAC,NO,NO,
permissions,5,description,varchar(255),varchar,255,YES,NULL,NO,0,,,varchar(255) DEFAULT NULL,,Auth & RBAC,NO,NO,
permissions,6,is_system,tinyint(1),tinyint,1,NO,1,NO,0,,,tinyint(1) NOT NULL DEFAULT 1,,Auth & RBAC,NO,NO,
permissions,7,created_at,datetime(6),datetime,6,NO,current_timestamp(6),NO,0,,,datetime(6) NOT NULL DEFAULT current_timestamp(6),audit_date,Auth & RBAC,NO,NO,
refresh_tokens,1,token_id,bigint(20) UNSIGNED,bigint,20,NO,,NO,0,,,bigint(20) UNSIGNED NOT NULL,id|sensitive_security,Auth & RBAC,YES,NO,
refresh_tokens,2,user_id,bigint(20) UNSIGNED,bigint,20,NO,,NO,0,,,bigint(20) UNSIGNED NOT NULL,id,Auth & RBAC,NO,YES,fk_rt_user
refresh_tokens,3,token_hash,varchar(64),varchar,64,NO,,NO,0,,sha256 hex (64 chars); raw token never persisted,varchar(64) NOT NULL COMMENT 'sha256 hex (64 chars); raw token never persisted',sensitive_security,Auth & RBAC,NO,NO,
refresh_tokens,4,issued_at,datetime(6),datetime,6,NO,current_timestamp(6),NO,0,,,datetime(6) NOT NULL DEFAULT current_timestamp(6),audit_date,Auth & RBAC,NO,NO,
refresh_tokens,5,expires_at,datetime(6),datetime,6,NO,,NO,0,,,datetime(6) NOT NULL,audit_date,Auth & RBAC,NO,NO,
refresh_tokens,6,revoked_at,datetime(6),datetime,6,YES,NULL,NO,0,,,datetime(6) DEFAULT NULL,audit_date,Auth & RBAC,NO,NO,
refresh_tokens,7,revoked_reason,"enum('LOGOUT','ROTATED','ADMIN_REVOKE','PASSWORD_CHANGE','EXPIRY_CLEANUP')",enum,,YES,NULL,NO,5,LOGOUT|ROTATED|ADMIN_REVOKE|PASSWORD_CHANGE|EXPIRY_CLEANUP,,"enum('LOGOUT','ROTATED','ADMIN_REVOKE','PASSWORD_CHANGE','EXPIRY_CLEANUP') DEFAULT NULL",status_enum,Auth & RBAC,NO,NO,
refresh_tokens,8,user_agent,varchar(500),varchar,500,YES,NULL,NO,0,,,varchar(500) DEFAULT NULL,,Auth & RBAC,NO,NO,
refresh_tokens,9,ip_address,varchar(45),varchar,45,YES,NULL,NO,0,,,varchar(45) DEFAULT NULL,,Auth & RBAC,NO,NO,
roles,1,role_id,tinyint(3) UNSIGNED,tinyint,3,NO,,NO,0,,Hard-coded 1..5 for deterministic seeds,tinyint(3) UNSIGNED NOT NULL COMMENT 'Hard-coded 1..5 for deterministic seeds',id,Auth & RBAC,YES,NO,
roles,2,role_code,varchar(30),varchar,30,NO,,NO,0,,SUPER_ADMIN | LAB_IN_CHARGE | LAB_ENGINEER | NORMAL_USER | VIEW_ONLY,varchar(30) NOT NULL COMMENT 'SUPER_ADMIN | LAB_IN_CHARGE | LAB_ENGINEER | NORMAL_USER | VIEW_ONLY',,Auth & RBAC,NO,NO,
roles,3,role_name,varchar(60),varchar,60,NO,,NO,0,,,varchar(60) NOT NULL,,Auth & RBAC,NO,NO,
roles,4,role_description,varchar(255),varchar,255,YES,NULL,NO,0,,,varchar(255) DEFAULT NULL,,Auth & RBAC,NO,NO,
roles,5,is_system,tinyint(1),tinyint,1,NO,1,NO,0,,,tinyint(1) NOT NULL DEFAULT 1,,Auth & RBAC,NO,NO,
roles,6,created_at,datetime(6),datetime,6,NO,current_timestamp(6),NO,0,,,datetime(6) NOT NULL DEFAULT current_timestamp(6),audit_date,Auth & RBAC,NO,NO,
role_permissions,1,role_id,tinyint(3) UNSIGNED,tinyint,3,NO,,NO,0,,,tinyint(3) UNSIGNED NOT NULL,id,Auth & RBAC,YES,YES,fk_rp_role
role_permissions,2,permission_id,smallint(5) UNSIGNED,smallint,5,NO,,NO,0,,,smallint(5) UNSIGNED NOT NULL,id,Auth & RBAC,YES,YES,fk_rp_permission
role_permissions,3,granted_at,datetime(6),datetime,6,NO,current_timestamp(6),NO,0,,,datetime(6) NOT NULL DEFAULT current_timestamp(6),audit_date,Auth & RBAC,NO,NO,
role_permissions,4,granted_by,varchar(20),varchar,20,YES,NULL,NO,0,,,varchar(20) DEFAULT NULL,,Auth & RBAC,NO,NO,
schema_migrations,1,migration_id,varchar(120),varchar,120,NO,,NO,0,,,varchar(120) NOT NULL,id,Other / Cross-cutting,YES,NO,
schema_migrations,2,checksum_sha256,varchar(64),varchar,64,NO,,NO,0,,,varchar(64) NOT NULL,,Other / Cross-cutting,NO,NO,
schema_migrations,3,applied_at,datetime(6),datetime,6,NO,current_timestamp(6),NO,0,,,datetime(6) NOT NULL DEFAULT current_timestamp(6),audit_date,Other / Cross-cutting,NO,NO,
schema_migrations,4,applied_by,varchar(40),varchar,40,YES,NULL,NO,0,,,varchar(40) DEFAULT NULL,,Other / Cross-cutting,NO,NO,
schema_migrations,5,duration_ms,int(10) UNSIGNED,int,10,YES,NULL,NO,0,,,int(10) UNSIGNED DEFAULT NULL,,Other / Cross-cutting,NO,NO,
schema_migrations,6,success,tinyint(1),tinyint,1,NO,1,NO,0,,,tinyint(1) NOT NULL DEFAULT 1,,Other / Cross-cutting,NO,NO,
sections,1,section_id,int(10) UNSIGNED,int,10,NO,,NO,0,,,int(10) UNSIGNED NOT NULL,id,Organization / Employee,YES,NO,
sections,2,department_id,smallint(5) UNSIGNED,smallint,5,NO,,NO,0,,,smallint(5) UNSIGNED NOT NULL,id,Organization / Employee,NO,YES,fk_sections_department
sections,3,section_code,varchar(20),varchar,20,NO,,NO,0,,"Short uppercase code; e.g., TME, FPE","varchar(20) NOT NULL COMMENT 'Short uppercase code; e.g., TME, FPE'",,Organization / Employee,NO,NO,
sections,4,section_name,varchar(150),varchar,150,NO,,NO,0,,,varchar(150) NOT NULL,,Organization / Employee,NO,NO,
sections,5,section_description,varchar(500),varchar,500,YES,NULL,NO,0,,,varchar(500) DEFAULT NULL,,Organization / Employee,NO,NO,
sections,6,equipment_category,"enum('TME','FPE')",enum,,NO,,NO,2,TME|FPE,TME = Test & Measurement; FPE = Fabrication & Production,"enum('TME','FPE') NOT NULL COMMENT 'TME = Test & Measurement; FPE = Fabrication & Production'",status_enum,Organization / Employee,NO,NO,
sections,7,head_employee_id,varchar(7),varchar,7,YES,NULL,NO,0,,FK → cmms_emp_mst.EMM_ID (legacy),varchar(7) DEFAULT NULL COMMENT 'FK → cmms_emp_mst.EMM_ID (legacy)',id,Organization / Employee,NO,YES,fk_sections_head_emp
sections,8,is_active,tinyint(1),tinyint,1,NO,1,NO,0,,,tinyint(1) NOT NULL DEFAULT 1,,Organization / Employee,NO,NO,
sections,9,created_at,datetime(6),datetime,6,NO,current_timestamp(6),NO,0,,,datetime(6) NOT NULL DEFAULT current_timestamp(6),audit_date,Organization / Employee,NO,NO,
sections,10,created_by,varchar(20),varchar,20,YES,NULL,NO,0,,,varchar(20) DEFAULT NULL,audit_date,Organization / Employee,NO,NO,
sections,11,updated_at,datetime(6),datetime,6,NO,current_timestamp(6),NO,0,,,datetime(6) NOT NULL DEFAULT current_timestamp(6) ON UPDATE current_timestamp(6),audit_date,Organization / Employee,NO,NO,
sections,12,updated_by,varchar(20),varchar,20,YES,NULL,NO,0,,,varchar(20) DEFAULT NULL,audit_date,Organization / Employee,NO,NO,
sysdiagrams,1,name,varchar(160),varchar,160,NO,,NO,0,,,varchar(160) NOT NULL,,Other / Cross-cutting,NO,NO,
sysdiagrams,2,principal_id,int(11),int,11,NO,,NO,0,,,int(11) NOT NULL,id,Other / Cross-cutting,NO,NO,
sysdiagrams,3,diagram_id,int(11),int,11,NO,,NO,0,,,int(11) NOT NULL,id,Other / Cross-cutting,YES,NO,
sysdiagrams,4,version,int(11),int,11,YES,NULL,NO,0,,,int(11) DEFAULT NULL,,Other / Cross-cutting,NO,NO,
sysdiagrams,5,definition,longblob,longblob,,YES,NULL,NO,0,,,longblob DEFAULT NULL,,Other / Cross-cutting,NO,NO,
tmpcaldtl,1,eqm_type,varchar(15),varchar,15,YES,NULL,NO,0,,,varchar(15) DEFAULT NULL,,Other / Cross-cutting,NO,NO,
tmpcaldtl,2,eqm_id,int(11),int,11,YES,NULL,NO,0,,,int(11) DEFAULT NULL,id,Other / Cross-cutting,NO,NO,
tmpcaldtl,3,eqm_cal_due_date,datetime(6),datetime,6,YES,NULL,NO,0,,,datetime(6) DEFAULT NULL,audit_date,Other / Cross-cutting,NO,NO,
users,1,user_id,bigint(20) UNSIGNED,bigint,20,NO,,NO,0,,,bigint(20) UNSIGNED NOT NULL,id,Auth & RBAC,YES,NO,
users,2,employee_id,varchar(7),varchar,7,NO,,NO,0,,Matches cmms_emp_mst.EMM_ID,varchar(7) NOT NULL COMMENT 'Matches cmms_emp_mst.EMM_ID',id,Auth & RBAC,NO,YES,fk_users_employee
users,3,password_hash,varchar(60),varchar,60,NO,,NO,0,,bcrypt(employee_id) at seed; bcrypt(new_pwd) if Super Admin resets,varchar(60) NOT NULL COMMENT 'bcrypt(employee_id) at seed; bcrypt(new_pwd) if Super Admin resets',sensitive_security,Auth & RBAC,NO,NO,
users,4,section_id,int(10) UNSIGNED,int,10,YES,NULL,NO,0,,FK → sections.section_id; NULL allowed for unassigned,int(10) UNSIGNED DEFAULT NULL COMMENT 'FK → sections.section_id; NULL allowed for unassigned',id,Auth & RBAC,NO,YES,fk_users_section
users,5,is_active,tinyint(1),tinyint,1,NO,1,NO,0,,,tinyint(1) NOT NULL DEFAULT 1,,Auth & RBAC,NO,NO,
users,6,is_locked,tinyint(1),tinyint,1,NO,0,NO,0,,Auto-set TRUE after N failed logins; only Super Admin unlocks,tinyint(1) NOT NULL DEFAULT 0 COMMENT 'Auto-set TRUE after N failed logins; only Super Admin unlocks',,Auth & RBAC,NO,NO,
users,7,failed_login_count,smallint(5) UNSIGNED,smallint,5,NO,0,NO,0,,,smallint(5) UNSIGNED NOT NULL DEFAULT 0,,Auth & RBAC,NO,NO,
users,8,last_login_at,datetime(6),datetime,6,YES,NULL,NO,0,,,datetime(6) DEFAULT NULL,audit_date,Auth & RBAC,NO,NO,
users,9,last_login_ip,varchar(45),varchar,45,YES,NULL,NO,0,,IPv6-ready,varchar(45) DEFAULT NULL COMMENT 'IPv6-ready',,Auth & RBAC,NO,NO,
users,10,password_hash_set_at,datetime(6),datetime,6,NO,current_timestamp(6),NO,0,,,datetime(6) NOT NULL DEFAULT current_timestamp(6),audit_date|sensitive_security,Auth & RBAC,NO,NO,
users,11,created_at,datetime(6),datetime,6,NO,current_timestamp(6),NO,0,,,datetime(6) NOT NULL DEFAULT current_timestamp(6),audit_date,Auth & RBAC,NO,NO,
users,12,created_by,varchar(20),varchar,20,YES,NULL,NO,0,,,varchar(20) DEFAULT NULL,audit_date,Auth & RBAC,NO,NO,
users,13,updated_at,datetime(6),datetime,6,NO,current_timestamp(6),NO,0,,,datetime(6) NOT NULL DEFAULT current_timestamp(6) ON UPDATE current_timestamp(6),audit_date,Auth & RBAC,NO,NO,
users,14,updated_by,varchar(20),varchar,20,YES,NULL,NO,0,,,varchar(20) DEFAULT NULL,audit_date,Auth & RBAC,NO,NO,
user_roles,1,user_id,bigint(20) UNSIGNED,bigint,20,NO,,NO,0,,,bigint(20) UNSIGNED NOT NULL,id,Auth & RBAC,YES,YES,fk_ur_user
user_roles,2,role_id,tinyint(3) UNSIGNED,tinyint,3,NO,,NO,0,,,tinyint(3) UNSIGNED NOT NULL,id,Auth & RBAC,NO,YES,fk_ur_role
user_roles,3,assigned_at,datetime(6),datetime,6,NO,current_timestamp(6),NO,0,,,datetime(6) NOT NULL DEFAULT current_timestamp(6),audit_date,Auth & RBAC,NO,NO,
user_roles,4,assigned_by,varchar(20),varchar,20,YES,NULL,NO,0,,,varchar(20) DEFAULT NULL,,Auth & RBAC,NO,NO,
_legacy_accessright_mst,1,ACC_MOD_ID,int(11),int,11,NO,,NO,0,,,int(11) NOT NULL,id,Legacy / Isolated,YES,YES,FK_CMMS_ACCESSRIGHT_MST_CMMS_MODULE_MST
_legacy_accessright_mst,2,ACC_ROLE,int(11),int,11,NO,,NO,0,,,int(11) NOT NULL,,Legacy / Isolated,YES,YES,FK_CMMS_ACCESSRIGHT_MST_CMMS_ROLE_MST
_legacy_accessright_mst,3,ACC_ADD,tinyint(3) UNSIGNED,tinyint,3,NO,,NO,0,,,tinyint(3) UNSIGNED NOT NULL,,Legacy / Isolated,NO,NO,
_legacy_accessright_mst,4,ACC_MODIFY,tinyint(3) UNSIGNED,tinyint,3,NO,,NO,0,,,tinyint(3) UNSIGNED NOT NULL,,Legacy / Isolated,NO,NO,
_legacy_accessright_mst,5,ACC_VIEW,tinyint(3) UNSIGNED,tinyint,3,NO,,NO,0,,,tinyint(3) UNSIGNED NOT NULL,,Legacy / Isolated,NO,NO,
_legacy_accessright_mst,6,ACC_DELETE,tinyint(3) UNSIGNED,tinyint,3,NO,,NO,0,,,tinyint(3) UNSIGNED NOT NULL,,Legacy / Isolated,NO,NO,
_legacy_accessright_mst,7,ACC_PRINT,tinyint(3) UNSIGNED,tinyint,3,NO,,NO,0,,,tinyint(3) UNSIGNED NOT NULL,,Legacy / Isolated,NO,NO,
_legacy_accessright_mst,8,ACC_CREATED_BY,varchar(7),varchar,7,YES,NULL,NO,0,,,varchar(7) DEFAULT NULL,audit_date,Legacy / Isolated,NO,NO,
_legacy_accessright_mst,9,ACC_CREATED_ON,datetime(6),datetime,6,YES,NULL,NO,0,,,datetime(6) DEFAULT NULL,audit_date,Legacy / Isolated,NO,NO,
_legacy_accessright_mst,10,ACC_UPDATED_BY,varchar(7),varchar,7,YES,NULL,NO,0,,,varchar(7) DEFAULT NULL,audit_date,Legacy / Isolated,NO,NO,
_legacy_accessright_mst,11,ACC_UPDATED_ON,datetime(6),datetime,6,YES,NULL,NO,0,,,datetime(6) DEFAULT NULL,audit_date,Legacy / Isolated,NO,NO,
_legacy_cal_jobcard_feedback_spec,1,CAL_JOBCARD_ID,int(11),int,11,NO,,NO,0,,,int(11) NOT NULL,id,Legacy / Isolated,NO,NO,
_legacy_cal_jobcard_feedback_spec,2,CAL_JOBCARD_FILENAME,varchar(255),varchar,255,NO,,NO,0,,,varchar(255) NOT NULL,,Legacy / Isolated,NO,NO,
_legacy_cal_jobcard_feedback_spec,3,CAL_JOBCARD_IMAGE,longblob,longblob,,YES,NULL,NO,0,,,longblob DEFAULT NULL,,Legacy / Isolated,NO,NO,
_legacy_cal_jobcard_feedback_spec,4,CAL_JOBCARD_PATH,longtext,longtext,,YES,NULL,NO,0,,,longtext DEFAULT NULL,long_text,Legacy / Isolated,NO,NO,
_legacy_cf001,1,CHKL_ID,int(11),int,11,NO,,NO,0,,,int(11) NOT NULL,id,Legacy / Isolated,NO,NO,
_legacy_cf001,2,CHKL_TYPE,varchar(50),varchar,50,NO,,NO,0,,,varchar(50) NOT NULL,,Legacy / Isolated,NO,NO,
_legacy_cf001,3,CHKL_MAKE,int(11),int,11,NO,,NO,0,,,int(11) NOT NULL,,Legacy / Isolated,NO,NO,
_legacy_cf001,4,CHKL_MODEL,varchar(50),varchar,50,NO,,NO,0,,,varchar(50) NOT NULL,,Legacy / Isolated,NO,NO,
_legacy_cf001,5,CHKL_STATE,tinyint(1),tinyint,1,NO,,NO,0,,,tinyint(1) NOT NULL,,Legacy / Isolated,NO,NO,
_legacy_cf001,6,CHKL_UPDATED_BY,varchar(7),varchar,7,NO,,NO,0,,,varchar(7) NOT NULL,audit_date,Legacy / Isolated,NO,NO,
_legacy_cf001,7,CHKL_UPDATED_ON,datetime(6),datetime,6,NO,,NO,0,,,datetime(6) NOT NULL,audit_date,Legacy / Isolated,NO,NO,
_legacy_cf002,1,CLTSK_ID,int(11),int,11,NO,,NO,0,,,int(11) NOT NULL,id,Legacy / Isolated,NO,NO,
_legacy_cf002,2,CLTSK_TASKID,int(11),int,11,NO,,NO,0,,,int(11) NOT NULL,id,Legacy / Isolated,NO,NO,
_legacy_cf002,3,CLTSK_UPDATED_BY,longtext,longtext,,YES,NULL,NO,0,,,longtext DEFAULT NULL,audit_date|long_text,Legacy / Isolated,NO,NO,
_legacy_cf002,4,CLTSK_UPDATED_ON,datetime(6),datetime,6,YES,NULL,NO,0,,,datetime(6) DEFAULT NULL,audit_date,Legacy / Isolated,NO,NO,
_legacy_cf003,1,CHKL_ID,int(11),int,11,NO,,NO,0,,,int(11) NOT NULL,id,Legacy / Isolated,NO,NO,
_legacy_cf003,2,CHKL_TYPE,varchar(50),varchar,50,NO,,NO,0,,,varchar(50) NOT NULL,,Legacy / Isolated,NO,NO,
_legacy_cf003,3,CHKL_MAKE,int(11),int,11,NO,,NO,0,,,int(11) NOT NULL,,Legacy / Isolated,NO,NO,
_legacy_cf003,4,CHKL_MODEL,varchar(50),varchar,50,NO,,NO,0,,,varchar(50) NOT NULL,,Legacy / Isolated,NO,NO,
_legacy_cf003,5,CHKL_STATE,tinyint(1),tinyint,1,NO,,NO,0,,,tinyint(1) NOT NULL,,Legacy / Isolated,NO,NO,
_legacy_cf003,6,CHKL_CREATED_BY,varchar(7),varchar,7,NO,,NO,0,,,varchar(7) NOT NULL,audit_date,Legacy / Isolated,NO,NO,
_legacy_cf003,7,CHKL_CREATED_ON,datetime(6),datetime,6,NO,,NO,0,,,datetime(6) NOT NULL,audit_date,Legacy / Isolated,NO,NO,
_legacy_cf003,8,CHKL_UPDATED_BY,varchar(7),varchar,7,NO,,NO,0,,,varchar(7) NOT NULL,audit_date,Legacy / Isolated,NO,NO,
_legacy_cf003,9,CHKL_UPDATED_ON,datetime(6),datetime,6,NO,,NO,0,,,datetime(6) NOT NULL,audit_date,Legacy / Isolated,NO,NO,
_legacy_cf004,1,CLTSK_ID,int(11),int,11,NO,,NO,0,,,int(11) NOT NULL,id,Legacy / Isolated,NO,NO,
_legacy_cf004,2,CLTSK_TASKID,int(11),int,11,NO,,NO,0,,,int(11) NOT NULL,id,Legacy / Isolated,NO,NO,
_legacy_chklistvendor,1,chklistno,int(11),int,11,YES,NULL,NO,0,,,int(11) DEFAULT NULL,,Legacy / Isolated,NO,NO,
_legacy_chklistvendor,2,mfrid,int(11),int,11,YES,NULL,NO,0,,,int(11) DEFAULT NULL,id,Legacy / Isolated,NO,NO,
_legacy_chklistvendor,3,modelno,varchar(100),varchar,100,YES,NULL,NO,0,,,varchar(100) DEFAULT NULL,,Legacy / Isolated,NO,NO,
_legacy_jobcard_insp_maint_dtl,1,JMD_JobCardNo,varchar(9),varchar,9,NO,,NO,0,,,varchar(9) NOT NULL,,Legacy / Isolated,YES,YES,FK_CMMS_JOBCARD_INSP_MAINT_DTL_CMMS_JOBCARD_MST
_legacy_jobcard_insp_maint_dtl,2,JMD_JobStartDate,datetime(6),datetime,6,YES,NULL,NO,0,,,datetime(6) DEFAULT NULL,audit_date,Legacy / Isolated,NO,NO,
_legacy_jobcard_insp_maint_dtl,3,JMD_JobCompleteDate,datetime(6),datetime,6,YES,NULL,NO,0,,,datetime(6) DEFAULT NULL,audit_date,Legacy / Isolated,NO,NO,
_legacy_jobcard_insp_maint_dtl,4,JMD_AttendedBy,varchar(50),varchar,50,YES,NULL,NO,0,,,varchar(50) DEFAULT NULL,,Legacy / Isolated,NO,NO,
_legacy_jobcard_insp_maint_dtl,5,JMD_EqAccepted,tinyint(1),tinyint,1,NO,,NO,0,,,tinyint(1) NOT NULL,,Legacy / Isolated,NO,NO,
_legacy_jobcard_insp_maint_dtl,6,JMD_NotAcceptedReason,varchar(50),varchar,50,YES,NULL,NO,0,,,varchar(50) DEFAULT NULL,,Legacy / Isolated,NO,NO,
_legacy_module_mst,1,MOD_MENU_TYPE,smallint(6),smallint,6,NO,1,NO,0,,"""0"" for non timcf and ""1"" for timcf","smallint(6) NOT NULL DEFAULT 1 COMMENT '""0"" for non timcf and ""1"" for timcf'",,Legacy / Isolated,NO,NO,
_legacy_module_mst,2,MOD_ID,int(11),int,11,NO,,NO,0,,,int(11) NOT NULL,id,Legacy / Isolated,YES,NO,
_legacy_module_mst,3,MOD_NAME,varchar(50),varchar,50,NO,,NO,0,,,varchar(50) NOT NULL,,Legacy / Isolated,NO,NO,
_legacy_module_mst,4,MOD_PARENT_ID,int(11),int,11,YES,NULL,NO,0,,,int(11) DEFAULT NULL,id,Legacy / Isolated,NO,YES,FK_CMMS_MODULE_MST_CMMS_MODULE_MST
_legacy_module_mst,5,MOD_LEVEL,smallint(6),smallint,6,NO,,NO,0,,,smallint(6) NOT NULL,,Legacy / Isolated,NO,NO,
_legacy_module_mst,6,MOD_POSITION,int(11),int,11,YES,NULL,NO,0,,,int(11) DEFAULT NULL,,Legacy / Isolated,NO,NO,
_legacy_module_mst,7,MOD_NAVIGATE_URL,varchar(100),varchar,100,YES,'#',NO,0,,,varchar(100) DEFAULT '#',,Legacy / Isolated,NO,NO,
_legacy_module_mst,8,MOD_CREATED_BY,varchar(7),varchar,7,YES,NULL,NO,0,,,varchar(7) DEFAULT NULL,audit_date,Legacy / Isolated,NO,NO,
_legacy_module_mst,9,MOD_CREATED_ON,datetime(6),datetime,6,YES,NULL,NO,0,,,datetime(6) DEFAULT NULL,audit_date,Legacy / Isolated,NO,NO,
_legacy_module_mst,10,MOD_UPDATED_BY,varchar(7),varchar,7,YES,NULL,NO,0,,,varchar(7) DEFAULT NULL,audit_date,Legacy / Isolated,NO,NO,
_legacy_module_mst,11,MOD_UPDATED_ON,datetime(6),datetime,6,YES,NULL,NO,0,,,datetime(6) DEFAULT NULL,audit_date,Legacy / Isolated,NO,NO,
_legacy_module_mst,12,MOD_IS_LEAF,int(11),int,11,YES,1,NO,0,,,int(11) DEFAULT 1,,Legacy / Isolated,NO,NO,
_legacy_module_mst,13,MOD_DESC,varchar(100),varchar,100,YES,NULL,NO,0,,,varchar(100) DEFAULT NULL,,Legacy / Isolated,NO,NO,
_legacy_parameter_master_bkp,1,CategoryID,smallint(6),smallint,6,NO,,NO,0,,,smallint(6) NOT NULL,id,Legacy / Isolated,NO,NO,
_legacy_parameter_master_bkp,2,CategoryDescription,varchar(50),varchar,50,NO,,NO,0,,,varchar(50) NOT NULL,,Legacy / Isolated,NO,NO,
_legacy_parameter_master_bkp,3,SrID,varchar(15),varchar,15,NO,,NO,0,,,varchar(15) NOT NULL,id,Legacy / Isolated,NO,NO,
_legacy_parameter_master_bkp,4,Value,varchar(100),varchar,100,NO,,NO,0,,,varchar(100) NOT NULL,,Legacy / Isolated,NO,NO,
_legacy_parameter_master_incharge,1,CategoryID,smallint(6),smallint,6,NO,,NO,0,,,smallint(6) NOT NULL,id,Legacy / Isolated,NO,NO,
_legacy_parameter_master_incharge,2,CategoryDescription,varchar(50),varchar,50,NO,,NO,0,,,varchar(50) NOT NULL,,Legacy / Isolated,NO,NO,
_legacy_parameter_master_incharge,3,SrID,varchar(15),varchar,15,NO,,NO,0,,,varchar(15) NOT NULL,id,Legacy / Isolated,NO,NO,
_legacy_parameter_master_incharge,4,Value,varchar(100),varchar,100,NO,,NO,0,,,varchar(100) NOT NULL,,Legacy / Isolated,NO,NO,
_legacy_parameter_master_jun2016,1,CategoryID,smallint(6),smallint,6,NO,,NO,0,,,smallint(6) NOT NULL,id,Legacy / Isolated,NO,NO,
_legacy_parameter_master_jun2016,2,CategoryDescription,varchar(50),varchar,50,NO,,NO,0,,,varchar(50) NOT NULL,,Legacy / Isolated,NO,NO,
_legacy_parameter_master_jun2016,3,SrID,varchar(15),varchar,15,NO,,NO,0,,,varchar(15) NOT NULL,id,Legacy / Isolated,NO,NO,
_legacy_parameter_master_jun2016,4,Value,varchar(100),varchar,100,NO,,NO,0,,,varchar(100) NOT NULL,,Legacy / Isolated,NO,NO,
_legacy_role_mst,1,ROLE_ID,int(11),int,11,NO,,NO,0,,,int(11) NOT NULL,id,Legacy / Isolated,YES,NO,
_legacy_role_mst,2,ROLE_TYPE,int(11),int,11,YES,NULL,NO,0,,,int(11) DEFAULT NULL,,Legacy / Isolated,NO,NO,
_legacy_role_mst,3,ROLE_DESC,varchar(50),varchar,50,NO,,NO,0,,,varchar(50) NOT NULL,,Legacy / Isolated,NO,NO,
_legacy_role_mst,4,ROLE_CREATED_BY,varchar(50),varchar,50,YES,NULL,NO,0,,,varchar(50) DEFAULT NULL,audit_date,Legacy / Isolated,NO,NO,
_legacy_role_mst,5,ROLE_CREATED_ON,datetime(6),datetime,6,YES,NULL,NO,0,,,datetime(6) DEFAULT NULL,audit_date,Legacy / Isolated,NO,NO,
_legacy_role_mst,6,ROLE_UPDATED_BY,varchar(50),varchar,50,YES,NULL,NO,0,,,varchar(50) DEFAULT NULL,audit_date,Legacy / Isolated,NO,NO,
_legacy_role_mst,7,ROLE_UPDATED_ON,datetime(6),datetime,6,YES,NULL,NO,0,,,datetime(6) DEFAULT NULL,audit_date,Legacy / Isolated,NO,NO,
_legacy_section_user_mst,1,SM_ID,int(11),int,11,NO,,NO,0,,,int(11) NOT NULL,id,Legacy / Isolated,YES,YES,FK_CMMS_SECTION_USER_MST_CMMS_SECTION_MST
_legacy_section_user_mst,2,SM_USER_ID,varchar(7),varchar,7,NO,,NO,0,,,varchar(7) NOT NULL,id,Legacy / Isolated,YES,NO,
_legacy_section_user_mst,3,SM_USER_NAME,varchar(50),varchar,50,NO,,NO,0,,,varchar(50) NOT NULL,,Legacy / Isolated,NO,NO,
_legacy_section_user_mst,4,SM_USER_ROLE,int(11),int,11,NO,,NO,0,,,int(11) NOT NULL,,Legacy / Isolated,NO,YES,FK_CMMS_SECTION_USER_MST_CMMS_ROLE_MST
_legacy_userrole_mst,1,USER_ID,varchar(7),varchar,7,NO,,NO,0,,,varchar(7) NOT NULL,id,Legacy / Isolated,YES,NO,
_legacy_userrole_mst,2,USER_DIVISION_ID,int(11),int,11,NO,,NO,0,,,int(11) NOT NULL,id,Legacy / Isolated,YES,NO,
_legacy_userrole_mst,3,USER_ROLE,int(11),int,11,NO,,NO,0,,,int(11) NOT NULL,,Legacy / Isolated,NO,NO,
_legacy_userrole_mst,4,USER_PASSWORD,varchar(10),varchar,10,NO,,NO,0,,,varchar(10) NOT NULL,sensitive_security,Legacy / Isolated,NO,NO,
_legacy_userrole_mst,5,USER_STATE,tinyint(1),tinyint,1,NO,,NO,0,,,tinyint(1) NOT NULL,,Legacy / Isolated,NO,NO,
_legacy_userrole_mst,6,USER_CREATED_BY,varchar(7),varchar,7,NO,,NO,0,,,varchar(7) NOT NULL,audit_date,Legacy / Isolated,NO,NO,
_legacy_userrole_mst,7,USER_CREATED_ON,datetime(6),datetime,6,NO,,NO,0,,,datetime(6) NOT NULL,audit_date,Legacy / Isolated,NO,NO,
_legacy_userrole_mst,8,USER_UPDATED_BY,varchar(7),varchar,7,NO,,NO,0,,,varchar(7) NOT NULL,audit_date,Legacy / Isolated,NO,NO,
_legacy_userrole_mst,9,USER_UPDATED_ON,datetime(6),datetime,6,NO,,NO,0,,,datetime(6) NOT NULL,audit_date,Legacy / Isolated,NO,NO,
